model_id,family,feature_family,n_features,pooled_auc,pooled_pr_auc,session_auc,recall,fpr,tp,fp,tn,fn,worst_domain_recall,worst_domain_fpr,lodo_iscx_auc,lodo_usbvpn_auc,lodo_vnat_auc,lodo_mean_auc,lodo_min_auc,domain_auc,domain_acc,ece,threshold_instability,runtime_compatible,final_score,dann_lambda,enc_hidden,dropout,batch_norm,balanced,input_domain_auc,embedding_domain_auc,domain_reduction,deployment_eligible,deployment_final_score,dann_research_score,groupdro
full_canonical__lgbm,lgbm,full_canonical,34,0.9994324511686522,0.9839873110494416,1.0,0.9444444444444444,0.0024617776626068,221.0,19.0,7699.0,13.0,0.0,0.0181470869149952,0.6163621478807726,,0.6897689768976898,0.6530655623892312,0.6163621478807726,1.0,1.0,0.0025943885822008,0.0345579632610069,True,0.4336068411145862,,,,,,,,,True,0.6836068411145863,,
full_canonical__xgb,xgb,full_canonical,34,0.999029906778028,0.9731188418002836,0.9966996699669968,0.8632478632478633,0.001813941435605,202.0,14.0,7704.0,32.0,0.0,0.0133715377268385,0.6163621478807726,,0.6897689768976898,0.6530655623892312,0.6163621478807726,1.0,1.0,0.0046209628502769,0.0345579632610069,True,0.4331001975475672,,,,,,,,,True,0.6831001975475672,,
full_canonical__cat,cat,full_canonical,34,0.9980049966445406,0.953971959401679,0.9834983498349834,0.8162393162393162,0.0023322104172065,191.0,18.0,7700.0,43.0,0.0,0.0171919770773638,0.6163621478807726,,0.6897689768976898,0.6530655623892312,0.6163621478807726,1.0,1.0,0.0054554809090916,0.0345579632610069,True,0.4328915680328635,,,,,,,,,True,0.6828915680328635,,
full_canonical__calibrated_ensemble,calibrated_ensemble,full_canonical,34,0.9800131449846402,0.9298033493351912,0.9966996699669968,0.9529914529914528,0.0038870173620108,223.0,30.0,7688.0,11.0,0.0,0.0286532951289398,0.6163621478807726,,0.6897689768976898,0.6530655623892312,0.6163621478807726,1.0,1.0,0.0089147277789248,0.0345579632610069,True,0.4320267563154052,,,,,,,,,True,0.6820267563154052,,
full_canonical__bagging,bagging,full_canonical,34,0.9989224877797048,0.9677965739973076,0.9966996699669968,0.9188034188034188,0.0031096138896087,215.0,24.0,7694.0,19.0,0.0,0.0229226361031518,0.6163621478807726,,0.6897689768976898,0.6530655623892312,0.6163621478807726,1.0,1.0,0.018890718065901,0.0345579632610069,True,0.4295327587436612,,,,,,,,,True,0.6795327587436613,,
timing_shape__xgb,xgb,timing_shape,5,0.9377249431343756,0.348705878867314,0.6831683168316831,0.0854700854700854,0.0031096138896087,20.0,24.0,7694.0,214.0,0.0,0.0219675262655205,0.4511798294033251,,0.5,0.4755899147016625,0.4511798294033251,0.9890528110013064,0.9683091464239196,0.0079786606438427,0.0116637432566193,True,0.1895377802783877,,,,,,,,,True,0.4340641857790408,,
timing_shape__lgbm,lgbm,timing_shape,5,0.9422982793026846,0.4071463431365517,0.8250825082508251,0.1196581196581196,0.0040165846074112,28.0,31.0,7687.0,206.0,0.0,0.0276981852913085,0.4511798294033251,,0.5,0.4755899147016625,0.4511798294033251,0.9890528110013064,0.9683091464239196,0.0098247181732088,0.0116637432566193,True,0.1890762658960461,,,,,,,,,True,0.4336026713966993,,
timing_shape__cat,cat,timing_shape,5,0.9318058241030512,0.3799131005161168,0.6864686468646864,0.1153846153846153,0.0031096138896087,27.0,24.0,7694.0,207.0,0.0,0.0210124164278892,0.4511798294033251,,0.5,0.4755899147016625,0.4511798294033251,0.9890528110013064,0.9683091464239196,0.0109957226770627,0.0116637432566193,True,0.1887835147700827,,,,,,,,,True,0.4333099202707358,,
timing_shape__calibrated_ensemble,calibrated_ensemble,timing_shape,5,0.8880527925617326,0.3421434013910306,0.8069306930693069,0.3205128205128205,0.0079036019694221,75.0,61.0,7657.0,159.0,0.0,0.052531041069723,0.4511798294033251,,0.5,0.4755899147016625,0.4511798294033251,0.9890528110013064,0.9683091464239196,0.0243405759816167,0.0116637432566193,True,0.1854473014439442,,,,,,,,,True,0.4299737069445973,,
anti_fingerprint_hybrid__cat,cat,anti_fingerprint_hybrid,12,0.9888918235316266,0.7277747127579063,0.933993399339934,0.4358974358974359,0.0023322104172065,102.0,18.0,7700.0,132.0,0.0,0.0171919770773638,0.442662399682457,,0.5210396039603961,0.4818510018214265,0.442662399682457,0.9999582241338744,0.9998742612850496,0.0066247711175172,0.0078846428320672,True,0.1799814350388369,,,,,,,,,True,0.4299605471057741,,
anti_fingerprint_hybrid__xgb,xgb,anti_fingerprint_hybrid,12,0.9879751629557278,0.6988442284319027,0.9471947194719472,0.3205128205128205,0.0020730759264058,75.0,16.0,7702.0,159.0,0.0,0.0152817574021012,0.442662399682457,,0.5210396039603961,0.4818510018214265,0.442662399682457,0.9999582241338744,0.9998742612850496,0.0066342515092328,0.0078846428320672,True,0.179979064940908,,,,,,,,,True,0.4299581770078452,,
anti_fingerprint_hybrid__lgbm,lgbm,anti_fingerprint_hybrid,12,0.9883024033062904,0.795549020390878,0.9471947194719472,0.5170940170940171,0.0023322104172065,121.0,18.0,7700.0,113.0,0.0,0.0171919770773638,0.442662399682457,,0.5210396039603961,0.4818510018214265,0.442662399682457,0.9999582241338744,0.9998742612850496,0.0072365158463099,0.0078846428320672,True,0.1798284988566388,,,,,,,,,True,0.4298076109235759,,
anti_fingerprint_hybrid__calibrated_ensemble,calibrated_ensemble,anti_fingerprint_hybrid,12,0.9230741545460384,0.6367601394053974,0.8102310231023102,0.4273504273504273,0.0024617776626068,100.0,19.0,7699.0,134.0,0.0,0.0181470869149952,0.442662399682457,,0.5210396039603961,0.4818510018214265,0.442662399682457,0.9999582241338744,0.9998742612850496,0.0224870124925399,0.0078846428320672,True,0.1760158746950812,,,,,,,,,True,0.4259949867620184,,
anti_fingerprint_hybrid__bagging,bagging,anti_fingerprint_hybrid,12,0.9890274815449732,0.6985041421444739,0.9471947194719472,0.4273504273504273,0.0024617776626068,100.0,19.0,7699.0,134.0,0.0,0.0181470869149952,0.442662399682457,,0.5210396039603961,0.4818510018214265,0.442662399682457,0.9999582241338744,0.9998742612850496,0.034871313035039,0.0078846428320672,True,0.1729197995594565,,,,,,,,,True,0.4228989116263936,,
timing_shape__bagging,bagging,timing_shape,5,0.9440385778167588,0.3994841226685549,0.6963696369636964,0.1623931623931624,0.0042757190982119,38.0,33.0,7685.0,196.0,0.0,0.0296084049665711,0.4511798294033251,,0.5,0.4755899147016625,0.4511798294033251,0.9890528110013064,0.9683091464239196,0.0679038967360661,0.0116637432566193,True,0.1745564712553318,,,,,,,,,True,0.419082876755985,,
size_shape__lgbm,lgbm,size_shape,7,0.9660641789755549,0.5643667149800291,0.8877887788778878,0.4230769230769231,0.0038870173620108,99.0,30.0,7688.0,135.0,0.0,0.0286532951289398,0.3714550333461509,,0.6637788778877887,0.5176169556169697,0.3714550333461509,0.9975892351667,0.9845325722582436,0.0238669886424008,0.0022869965137217,True,0.124930397282255,,,,,,,,,True,0.3737250148656051,,
size_shape__cat,cat,size_shape,7,0.9597782296020182,0.3190499380126988,0.9042904290429044,0.0384615384615384,0.0053122570614148,9.0,41.0,7677.0,225.0,0.0,0.0391595033428844,0.3714550333461509,,0.6637788778877887,0.5176169556169697,0.3714550333461509,0.9975892351667,0.9845325722582436,0.0257432405412457,0.0022869965137217,True,0.1244613343075438,,,,,,,,,True,0.3732559518908939,,
size_shape__xgb,xgb,size_shape,7,0.9569526669811718,0.3280262129329148,0.8943894389438944,0.0128205128205128,0.0036278828712101,3.0,28.0,7690.0,231.0,0.0,0.0267430754536771,0.3714550333461509,,0.6637788778877887,0.5176169556169697,0.3714550333461509,0.9975892351667,0.9845325722582436,0.0259618667704538,0.0022869965137217,True,0.1244066777502418,,,,,,,,,True,0.3732012953335918,,
size_shape__bagging,bagging,size_shape,7,0.9613593375902264,0.3373274093135515,0.8844884488448845,0.0683760683760683,0.0054418243068152,16.0,42.0,7676.0,218.0,0.0,0.0401146131805157,0.3714550333461509,,0.6637788778877887,0.5176169556169697,0.3714550333461509,0.9975892351667,0.9845325722582436,0.0828164675105364,0.0022869965137217,True,0.1101930275652211,,,,,,,,,True,0.3589876451485712,,
size_shape__calibrated_ensemble,calibrated_ensemble,size_shape,7,0.9509792847445088,0.3006008233708486,0.8745874587458746,0.8547008547008547,0.0527338688779476,200.0,407.0,7311.0,34.0,0.0,0.3046800382043935,0.3714550333461509,,0.6637788778877887,0.5176169556169697,0.3714550333461509,0.9975892351667,0.9845325722582436,0.0235743341359273,0.0022869965137217,True,0.0181688887140042,,,,,,,,,True,0.2669635062973544,,
robust9_clean__lgbm,lgbm,robust9_clean,9,0.9923364296582746,0.8636862546977776,0.9603960396039604,0.6367521367521367,0.0019435086810054,149.0,15.0,7703.0,85.0,0.0,0.0143266475644699,0.3918575852673274,,0.3353960396039603,0.3636268124356439,0.3353960396039603,1.0,1.0,0.0061803437635324,0.0220444411698296,True,0.0101532495884417,,,,,,,,,True,0.2601532495884417,,
robust9_clean__xgb,xgb,robust9_clean,9,0.9938206390655212,0.8790321541371892,0.9504950495049506,0.6196581196581197,0.0027209121534076,145.0,21.0,7697.0,89.0,0.0,0.0200573065902578,0.3918575852673274,,0.3353960396039603,0.3636268124356439,0.3353960396039603,1.0,1.0,0.0065554759055654,0.0220444411698296,True,0.0100594665529335,,,,,,,,,True,0.2600594665529334,,
robust9_clean__cat,cat,robust9_clean,9,0.9932525365279964,0.8700496261972868,0.9504950495049505,0.6111111111111112,0.0024617776626068,143.0,19.0,7699.0,91.0,0.0,0.0181470869149952,0.3918575852673274,,0.3353960396039603,0.3636268124356439,0.3353960396039603,1.0,1.0,0.0083274951201395,0.0220444411698296,True,0.00961646174929,,,,,,,,,True,0.2596164617492899,,
robust9_clean__bagging,bagging,robust9_clean,9,0.994677499374312,0.8875894708696023,0.957095709570957,0.6709401709401709,0.0029800466442083,157.0,23.0,7695.0,77.0,0.0,0.0219675262655205,0.3918575852673274,,0.3353960396039603,0.3636268124356439,0.3353960396039603,1.0,1.0,0.0309009326628667,0.0220444411698296,True,0.0039731023636081,,,,,,,,,True,0.2539731023636081,,
robust9_clean__calibrated_ensemble,calibrated_ensemble,robust9_clean,9,0.9833807859526958,0.7206905846474615,0.8118811881188118,0.9871794871794872,0.044311997926924,231.0,342.0,7376.0,3.0,0.0,0.3247373447946514,0.3918575852673274,,0.3353960396039603,0.3636268124356439,0.3353960396039603,1.0,1.0,0.0198366700723432,0.0220444411698296,True,-0.0790408268060711,,,,,,,,,True,0.170959173193929,,
dann_v2__lam2.0_enc32x16_do0.2_bn1_balboth,dann_v2,full_canonical,34,0.9442672584678286,0.2540223143361137,0.8382838283828383,0.1153846153846153,0.0085514381964239,27.0,66.0,7652.0,207.0,,,0.5902670931288464,,0.419293384135781,0.5047802386323137,0.419293384135781,0.999980308267574,,0.0899394737512917,0.0,True,0.1493630987871061,2.0,"[32, 16]",0.2,1.0,both,0.999980308267574,0.9996710724540178,0.0003092358135562,True,0.149363098787106,0.6246677543420801,
dann_v2__lam1.0_enc64x32_do0.2_bn1_balclass,dann_v2,full_canonical,34,0.985763106778914,0.7378179740572738,0.9537953795379538,0.7649572649572649,0.0058305260430163,179.0,45.0,7673.0,55.0,,,0.5865690947410389,,0.3999538159565869,0.4932614553488129,0.3999538159565869,0.999980308267574,,0.1018638592144717,0.0,True,0.1212674736956514,1.0,"[64, 32]",0.2,1.0,class,0.999980308267574,0.999702210263448,0.0002780980041259,True,0.1212674736956514,0.664313566648382,
dann_v2__lam2.0_enc128x64_do0.2_bn1_balboth,dann_v2,full_canonical,34,0.9602250704867964,0.258204797050015,0.8877887788778878,0.1965811965811965,0.0202124902824565,46.0,156.0,7562.0,188.0,,,0.5599896448046475,,0.4200005773005427,0.4899951110525951,0.4200005773005427,0.999980308267574,,0.0744331330381648,0.0,True,0.12103165911385,2.0,"[128, 64]",0.2,1.0,both,0.999980308267574,0.9996539294946148,0.0003263787729591,True,0.1210316591138503,0.6413997669742878,
dann_v2__lam1.0_enc64x32_do0.2_bn1_balnone,dann_v2,full_canonical,34,0.9787338068628556,0.5115802904951414,0.9240924092409242,0.6068376068376068,0.0190463850738533,142.0,147.0,7571.0,92.0,,,,,,,,0.999980308267574,,0.0113880838443599,0.0,True,0.9426682574847824,1.0,"[64, 32]",0.2,1.0,none,0.999980308267574,0.9999389383275558,4.1369940018243234e-05,False,,0.6726652315809464,
dann_v2__lam0.5_enc32x16_do0.2_bn1_balboth,dann_v2,full_canonical,34,0.971130867347504,0.4508998342824518,0.8976897689768977,0.235042735042735,0.0106245141228297,55.0,82.0,7636.0,179.0,,,,,,,,0.999980308267574,,0.0857186670515587,0.0,True,0.9337640408600458,0.5,"[32, 16]",0.2,1.0,both,0.999980308267574,0.999882616182492,9.769208508203509e-05,False,,0.6518974462578787,
dann_v2__lam0.1_enc128x64_do0.2_bn1_balboth,dann_v2,full_canonical,34,0.9785361337576938,0.4796673656978996,0.9372937293729372,0.5512820512820513,0.0203420575278569,129.0,157.0,7561.0,105.0,,,,,,,,0.999980308267574,,0.0705497096152189,0.0,True,0.924314805524979,0.1,"[128, 64]",0.2,1.0,both,0.999980308267574,0.9999936477762288,-1.333950865489708e-05,False,,0.66035968599621,
dann_v2__lam1.0_enc32x16_do0.2_bn1_balboth,dann_v2,full_canonical,34,0.9656381020724116,0.3159114874014369,0.8547854785478548,0.1666666666666666,0.0107540813682301,39.0,83.0,7635.0,195.0,,,,,,,,0.999980308267574,,0.0964153624811439,0.0,True,0.9225219206941336,1.0,"[32, 16]",0.2,1.0,both,0.999980308267574,0.9998923767472448,8.793152032915419e-05,False,,0.6442365002783634,
dann_v2__lam0.1_enc32x16_do0.2_bn1_balboth,dann_v2,full_canonical,34,0.9646475217218934,0.314048385654336,0.8877887788778878,0.1495726495726495,0.011790619331433,35.0,91.0,7627.0,199.0,,,,,,,,0.999980308267574,,0.0800895741607893,0.0,True,0.922516576650941,0.1,"[32, 16]",0.2,1.0,both,0.999980308267574,0.9999115281262382,6.878014133582244e-05,False,,0.6462980245855775,
dann_v2__lam0.5_enc64x32_do0.2_bn1_balboth,dann_v2,full_canonical,34,0.9617743403698316,0.3930180972558677,0.9273927392739274,0.2649572649572649,0.0133454262762373,62.0,103.0,7615.0,172.0,,,,,,,,0.999980308267574,,0.055532184072526,0.0,True,0.920415166113012,0.5,"[64, 32]",0.2,1.0,both,0.999980308267574,0.9999994654660206,-1.9157198446584367e-05,False,,0.6479989786602728,
dann_v2__lam2.0_enc64x32_do0.2_bn1_balboth,dann_v2,full_canonical,34,0.9659121866299892,0.339965906545926,0.8712871287128712,0.235042735042735,0.0098471106504275,55.0,76.0,7642.0,179.0,,,,,,,,0.999980308267574,,0.1154866719721199,0.0,True,0.92000770136516,2.0,"[64, 32]",0.2,1.0,both,0.999980308267574,0.9999778211735882,2.487093985759081e-06,False,,0.6408520837534033,
dann_v2__lam1.0_enc64x32_do0.2_bn1_baldomain,dann_v2,full_canonical,34,0.9526381884505752,0.2274741824864459,0.8514851485148515,0.1025641025641025,0.0128271572946359,24.0,99.0,7619.0,210.0,,,,,,,,0.999980308267574,,0.0252173078258257,0.0,True,0.9156599341058328,1.0,"[64, 32]",0.2,1.0,domain,0.999980308267574,0.9998502567539674,0.0001300515136065,False,,0.6450742184002927,
dann_v2__lam5.0_enc128x64_do0.2_bn1_balboth,dann_v2,full_canonical,34,0.9586104632748842,0.2517043515837053,0.891089108910891,0.0341880341880341,0.0111427831044312,8.0,86.0,7632.0,226.0,,,,,,,,0.999980308267574,,0.0812511781256457,0.0,True,0.914825657821892,5.0,"[128, 64]",0.2,1.0,both,0.999980308267574,0.9998405695958892,0.0001397386716847,False,,0.640179500150102,
dann_v2__lam0.5_enc128x64_do0.2_bn1_balboth,dann_v2,full_canonical,34,0.9662538233411516,0.3082865364449879,0.8877887788778878,0.2179487179487179,0.0181394143560507,51.0,140.0,7578.0,183.0,,,,,,,,0.999980308267574,,0.070810417647941,0.0,True,0.9113782970172316,0.5,"[128, 64]",0.2,1.0,both,0.999980308267574,0.9999025953847672,7.771288280677968e-05,False,,0.6484930783249231,
dann_v2__lam1.0_enc64x32_do0.4_bn1_balboth,dann_v2,full_canonical,34,0.959838029869126,0.2853765026938311,0.8547854785478547,0.0512820512820512,0.0124384555584348,12.0,96.0,7622.0,222.0,,,,,,,,0.999980308267574,,0.0994723437172831,0.0,True,0.9088392222174092,1.0,"[64, 32]",0.4,1.0,both,0.999980308267574,0.9999071955217436,7.311274583055027e-05,False,,0.6374837113574594,
dann_v2__lam1.0_enc64x32_do0.2_bn1_balboth,dann_v2,full_canonical,34,0.953967083275194,0.2261772630010355,0.8613861386138614,0.0384615384615384,0.0108836486136304,9.0,84.0,7634.0,225.0,,,,,,,,0.999980308267574,,0.0849863088470503,0.0,True,0.9075115743302806,1.0,"[64, 32]",0.2,1.0,both,0.999980308267574,0.9999667036733432,1.360459423072058e-05,False,,0.6348030806810548,
dann_v2__lam5.0_enc64x32_do0.2_bn1_balboth,dann_v2,full_canonical,34,0.9530800459797608,0.2247529735850746,0.8580858085808581,0.0299145299145299,0.0090697071780253,7.0,70.0,7648.0,227.0,,,,,,,,0.999980308267574,,0.0925765201235476,0.0,True,0.9065105428443202,5.0,"[64, 32]",0.2,1.0,both,0.999980308267574,0.9999307921888688,4.951607870529173e-05,False,,0.6327715628627857,
dann_v2__lam5.0_enc32x16_do0.2_bn1_balboth,dann_v2,full_canonical,34,0.9529288841934608,0.2285558308731916,0.8250825082508251,0.0512820512820512,0.0069966312516195,12.0,54.0,7664.0,222.0,,,,,,,,0.999980308267574,,0.1016706231012173,0.0,True,0.904087951805784,5.0,"[32, 16]",0.2,1.0,both,0.999980308267574,0.9997754374182052,0.0002048708493688,False,,0.6312628020974319,
dann_v2__lam0.1_enc64x32_do0.2_bn1_balboth,dann_v2,full_canonical,34,0.9693617761122296,0.3558207375129822,0.9273927392739274,0.3675213675213675,0.0226742679450634,86.0,175.0,7543.0,148.0,,,,,,,,0.999980308267574,,0.0788061217725698,0.0,True,0.9027085819895004,0.1,"[64, 32]",0.2,1.0,both,0.999980308267574,0.9998937637460856,8.654452148848524e-05,False,,0.6490975690448771,
dann_v2__lam1.0_enc128x64_do0.2_bn1_balboth,dann_v2,full_canonical,34,0.9611021410710447,0.2639562955017541,0.891089108910891,0.2307692307692307,0.0211194610002591,54.0,163.0,7555.0,180.0,,,,,,,,0.999980308267574,,0.0763274326902663,0.0,True,0.8948819334847962,1.0,"[128, 64]",0.2,1.0,both,0.999980308267574,0.9997815348971132,0.0001987733704608,False,,0.6416783018638057,
dann_v2__lam1.0_enc64x32_do0.1_bn1_balboth,dann_v2,full_canonical,34,0.9543413886507952,0.2271922648135463,0.867986798679868,0.094017094017094,0.0163254729204457,22.0,126.0,7592.0,212.0,,,,,,,,0.999980308267574,,0.0866812282564587,0.0,True,0.89402924597719,1.0,"[64, 32]",0.1,1.0,both,0.999980308267574,0.9999976952675476,-1.738699997366755e-05,False,,0.63374073983515,
dann_v2__lam1.0_enc64x32_do0.2_bn0_balboth,dann_v2,full_canonical,34,0.941361408451328,0.198560505888551,0.8712871287128713,0.0128205128205128,0.0031096138896087,3.0,24.0,7694.0,231.0,,,,,,,,0.999980308267574,,0.1512504512946105,0.0,True,0.8742476741788483,1.0,"[64, 32]",0.2,0.0,both,0.999980308267574,0.9999636513489826,1.6656918591428926e-05,False,,0.6105003000097894,
relative_shape_v2__xgb,xgb,relative_shape_v2,11,0.9905498966784274,,,,0.0526043016325472,,,,,,,0.3858933171254088,,0.3630363036303631,0.3744648103778859,0.3630363036303631,1.0,,0.0573456350256212,,True,,,,,,,,,,True,0.022781224654764017,,False
relative_shape_v2__xgb__groupdro,xgb,relative_shape_v2,11,0.9903898755932962,,,,0.0532521378595491,,,,,,,0.410883290539451,,0.5024752475247525,0.4566792690321017,0.410883290539451,1.0,,0.0576153741697982,,True,,,,,,,,,,True,0.111506047048165,,True
relative_shape_v2__lgbm,lgbm,relative_shape_v2,11,0.9936982700004208,,,,0.0292821974604819,,,,,,,0.7696366034474916,,0.5552805280528053,0.6624585657501485,0.5552805280528053,1.0,,0.0350412836754136,,True,,,,,,,,,,True,0.3704289406439056,,False
relative_shape_v2__lgbm__groupdro,lgbm,relative_shape_v2,11,0.9940149899336216,,,,0.0294117647058823,,,,,,,0.768782793138094,,0.6592409240924093,0.7140118586152516,0.6592409240924093,1.0,,0.0349017916495276,,True,,,,,,,,,,True,0.5001684643111826,,True
relative_shape_v2__cat,cat,relative_shape_v2,11,0.9888860096167688,,,,0.0669862658719875,,,,,,,0.6639398487536025,,0.4797854785478548,0.5718626636507287,0.4797854785478548,1.0,,0.0651594709661681,,True,,,,,,,,,,True,0.23268037616368023,,False
relative_shape_v2__cat__groupdro,cat,relative_shape_v2,11,0.9902431434564112,,,,0.0424980564913189,,,,,,,0.576979372108312,,0.4265676567656765,0.5017735144369943,0.4265676567656765,1.0,,0.0431233884235731,,True,,,,,,,,,,True,0.1560490527554506,,True
