feature,live_mean,live_std,live_min,live_max,live_median,ref_demo_flows_full_cano_mean,ref_demo_multimodel_flow_mean,ref_simultaneous_test_se_mean,ref_vm_warp_features.csv_mean,ref_vm_basic_benign_feat_mean,ref_vm_vpnlike_features._mean,ref_live_generated_full__mean
sz_coef_variation,0.8771575882352941,0.3397104521622047,0.0,1.739573,0.8827375,0.9988386217571575,1.0028687053887777,1.0692613024672486,1.0023292,1.06898425,1.06555675,1.06547375
sz_p25_median_ratio,0.5891211764705881,0.4562835332116969,0.036111,1.0,0.9130435,0.6771011174985879,0.7606211835463575,0.6345650076990114,0.6969559999999999,0.6211949999999999,0.5723290000000001,0.58102475
sz_p75_median_ratio,1.3196973529411764,0.4619840040486042,1.0,2.30303,1.0,4.21829668690236,4.026992819235167,5.447598917327347,1.6032088000000002,1.6317522500000001,1.49397525,1.4826195
sz_iqr_norm_median,0.7305762058823531,0.5843642706419998,0.0,1.927778,0.963889,3.5411955586894637,3.266371635688809,4.837102758760336,0.9062528000000001,1.0105575,0.92164625,0.90159475
dispersion_symmetry,0.1071409705882353,0.278235358682067,0.0,1.0,0.019110000000000002,9250017.083137926,6360014.131564315,5367254.862065949,0.5808443999999999,0.49554675000000004,0.48987575,0.49549075
direction_balance_bytes,-0.825827,0.38785031209194376,-0.994502,0.574468,-0.9767755,2.7599219815434903,0.1656670091575017,127616574.23880275,0.04536060000000001,0.06178975,0.11160875,0.08767050000000001
direction_balance_packets,-0.42281176470588233,0.3082204740159382,-0.796256,0.155556,-0.42168700000000003,0.9101576647381959,0.23188839398192596,929829.1216803653,0.06549279999999999,0.076123,0.137585,0.12085925
sz_mean_max,1665.3639371470588,681.9636071773191,84.0,2393.334399,1860.7718639999998,736.9231810963029,823.6233230656194,777.3917723441294,155.6169154,165.41710525000002,169.14999999999998,165.53552625
sz_mean_min,61.95719647058824,25.38568409698538,40.0,170.227273,54.0273655,104.85362046904228,96.11979317538763,131.7849262567489,99.1471644,97.65277775,96.86114524999999,96.000992
sz_std_max,1004.0246105294119,598.6705412014599,0.0,2420.251143,1039.114499,539.9212796581627,598.4293444753166,589.20106074922,138.9584828,153.38636100000002,153.74527425000002,152.29049500000002
sz_std_min,24.969659882352943,66.39661560528833,0.0,294.351625,5.9571185,120.72048032575694,93.91853321650497,170.82314887946694,124.108509,137.30097825000001,135.20699975000002,136.2208685
iat_all_mean,0.025520411764705885,0.13661306743680116,0.000401,0.798251,0.0007735,0.35968486474380756,0.011583845724098001,1.3346589630343517,0.1389192,0.005639999999999999,0.00559325,0.0035429999999999997
iat_all_std,0.03726920588235295,0.17641022412389024,0.000323,1.028669,0.001094,0.6541879171257132,0.03420140943000291,1.6256157377590192,0.269299,0.015778,0.017896000000000002,0.01087325
iat_all_p25,0.0003810882352941177,0.0009169644376187102,0.0,0.004225,0.00011899999999999999,0.0034774929285049314,0.00010724782943724846,0.4226706580290051,0.0003738,0.00085125,0.00040225000000000005,0.00032925
iat_all_median,0.0009311764705882353,0.0016278647749399199,0.000157,0.007861,0.000457,0.009243279695510826,0.0003933811187743713,0.6767090266466698,0.0032896,0.0016955,0.0015582500000000002,0.00057275
iat_all_p75,0.030753294117647066,0.17116546099351643,0.000491,0.999417,0.000933,0.46961926519870756,0.01597022533416745,1.604321715427383,0.1051234,0.00437475,0.0035125,0.00208925
iat_mean_max,0.05426347058823529,0.27640461913522174,0.000984,1.617441,0.004772,0.5871657357509397,0.011583845724098001,1.9426263115846791,0.283377,0.010872,0.013326999999999999,0.0083515
iat_mean_min,0.05085505882352941,0.2769206443532637,0.00059,1.617401,0.0009865,0.09835518461798477,0.011583845724098001,0.8246630108542717,0.2746456,0.00712,0.009276,0.005949249999999999
iat_std_max,0.04161176470588235,0.15676344671337802,0.0,0.910401,0.007213000000000001,0.7991094354510423,0.03420140943000291,1.6882382178951993,0.32901,0.022420750000000003,0.0269335,0.0175405
iat_std_min,0.03607961764705883,0.15731673515323671,0.0,0.910382,0.0011735,0.2558303717105741,0.03420140943000291,0.6860591564979118,0.327923,0.0210935,0.0256115,0.01591
sz_all_mean,1274.9597511470588,580.9244807704644,84.0,2051.717519,1361.4875945,314.72816702294165,536.9705024860956,468.4581296062132,125.0762866,129.07529549999998,133.08271675,129.61979175
sz_all_std,1118.216191235294,570.5426099549268,0.0,2384.514561,1158.570601,329.5221923858673,572.850122618463,532.9078400371245,143.0923538,159.72790725,161.119064,158.70685775
sz_all_median,1241.1764705882354,490.50842334152014,66.0,1492.0,1440.0,261.275,320.88,245.1895749496982,76.4,77.5,85.625,83.625
sz_all_p25,708.6764705882352,703.1182805184965,40.0,1492.0,91.5,70.2,147.095,77.47937625754527,53.6,49.0,49.0,49.0
sz_all_p75,1574.4117647058824,843.4885394722527,84.0,2828.0,1440.0,434.825,803.79,718.9506413480885,120.6,124.5,128.75,123.0
sz_cv,0.8771575882352941,0.3397104521622047,0.0,1.739573,0.8827375,0.6103812938022993,1.0028687053887777,1.0692613024672486,1.0023292,1.06898425,1.06555675,1.06547375
sz_iqr,865.7352941176471,827.2528948573773,0.0,2776.0,1388.0,364.625,,641.4712650905433,67.0,75.5,79.75,74.0
sz_qratio,12.791797029411764,15.86386299398286,1.0,54.384615,1.963889,7.5994696028290205,,12.14452914393568,2.4183334000000003,2.7750000000000004,2.8812499999999996,2.7375
sz_median_to_mean,0.9874535,0.29032888884204683,0.386453,1.623435,0.936771,0.3613298806357692,,0.31860321247984735,0.6493256000000001,0.6509595,0.6950495000000001,0.70667225
iat_iqr,0.03037229411764705,0.17068953882743662,0.000226,0.996367,0.000825,0.46614177227020265,,1.1816510573983778,0.10474960000000003,0.003523,0.00311,0.00176
iat_cv,2.2651155294117644,3.27469480077012,0.140779,19.878455,1.445039,5.159941419503972,,3.4341189676416923,2.322169,2.2825530000000005,2.15695975,2.1675250000000004
iat_median,0.0009311764705882353,0.0016278647749399199,0.000157,0.007861,0.000457,0.009243279695510826,,0.6767090266466698,0.0032896,0.0016955,0.0015582500000000002,0.00057275
iat_p25,0.0003810882352941177,0.0009169644376187102,0.0,0.004225,0.00011899999999999999,0.0034774929285049314,,0.4226706580290051,0.0003738,0.00085125,0.00040225000000000005,0.00032925
iat_p75,0.030753294117647066,0.17116546099351643,0.000491,0.999417,0.000933,0.46961926519870756,,1.604321715427383,0.1051234,0.00437475,0.0035125,0.00208925
