dir,status,flow_overlap_train_val,flow_overlap_train_test,flow_overlap_val_test,capture_overlap_train_val,capture_overlap_train_test,capture_overlap_val_test,test_auc_iso,suspicious_flag
artifacts/balanced_bagging,3-DS ✅,0,0,0,0,0,0,0.9845632622244282,False
artifacts/balanced_bagging_cat,3-DS ✅,0,0,0,0,0,0,0.9613640520889094,False
artifacts/balanced_bagging_firewall_tuned_ensemble,3-DS ✅,0,0,0,0,0,0,0.9825010496030151,False
artifacts/balanced_bagging_firewall_tuned_ensemble_2dataset_backup,2-DS (by design),0,0,0,0,0,0,0.9460538261267548,False
artifacts/balanced_bagging_firewall_tuned_ensemble_3dataset_DEGRADED,3-DS ✅,0,0,0,0,0,0,0.9825010496030151,False
artifacts/balanced_bagging_firewall_tuned_ensemble_3dataset_REFRESH,3-DS ✅,0,0,0,0,0,0,0.9825010496030151,False
artifacts/balanced_bagging_firewall_tuned_ensemble_PRE_3DS_PROMOTION,3-DS ✅,0,0,0,0,0,0,0.980479234221105,False
artifacts/balanced_bagging_lgbm,3-DS ✅,0,0,0,0,0,0,0.9514740792846785,False
artifacts/balanced_bagging_tuned,3-DS ✅,0,0,0,0,0,0,0.960600290096608,False
artifacts/balanced_bagging_xgb,3-DS ✅,0,0,0,0,0,0,0.9555838078918839,False
artifacts/balanced_subset/balanced,3-DS ✅,0,0,0,0,0,0,0.9722999957666334,False
artifacts/balanced_subset/full,3-DS ✅,0,0,0,0,0,0,0.9712232059944469,False
artifacts/clean_pipeline/models_3ds_66k,3-DS ✅,0,0,0,0,0,0,,False
artifacts/ensemble/balanced_ensemble_robust9,3-DS ✅,0,0,0,0,0,0,0.9821773057744281,False
artifacts/ensemble/diverse_bagging_robust,3-DS ✅,0,0,0,0,0,0,0.9842249812896855,False
artifacts/ensemble/diverse_bagging_robust13,3-DS ✅,0,0,0,0,0,0,0.9195084458172468,False
artifacts/ensemble/diverse_bagging_robust9,3-DS ✅,0,0,0,0,0,0,0.9912306871801164,False
artifacts/ensemble/lood_iscx,2-DS (by design),0,0,0,0,0,0,0.5317170890236792,False
artifacts/ensemble/lood_usbvpn,2-DS (by design),0,0,0,0,0,0,0.5518728756439,False
artifacts/ensemble/lood_vnat,2-DS (by design),0,0,0,0,0,0,0.37788778877887785,False
artifacts/experiments/ablation_3f_core,3-DS ✅,0,0,0,0,0,0,0.9259607508671603,False
artifacts/experiments/ablation_4f_no_p25,3-DS ✅,0,0,0,0,0,0,0.9575549667680732,False
artifacts/experiments/ablation_4f_no_p75,3-DS ✅,0,0,0,0,0,0,0.9766788113794445,False
artifacts/experiments/baseline_2ds,2-DS (by design),0,0,0,0,0,0,0.7991662418392014,False
artifacts/experiments/baseline_3ds,3-DS ✅,0,0,0,0,0,0,0.9760799925116789,False
artifacts/experiments/exp_a_no_direction,3-DS ✅,0,0,0,0,0,0,0.9743812083023866,False
artifacts/experiments/exp_b_balanced,3-DS ✅,0,0,0,0,0,0,0.9884842936644235,False
artifacts/experiments/exp_b_balanced_sample,3-DS ✅,0,0,0,0,0,0,0.9858809460836117,False
artifacts/experiments/exp_c_combined,3-DS ✅,0,0,0,0,0,0,0.9780044235134573,False
artifacts/experiments/exp_d1_safe_expanded,3-DS ✅,0,0,0,0,0,0,0.9780044235134573,False
artifacts/experiments/exp_d2_full_expanded,3-DS ✅,0,0,0,0,0,0,0.9780044235134573,False
artifacts/experiments/exp_d_iat_balanced,3-DS ✅,0,0,0,0,0,0,0.9780044235134573,False
artifacts/experiments/exp_d_iat_expanded,3-DS ✅,0,0,0,0,0,0,0.9816445696588799,False
artifacts/experiments/exp_db_iat_balanced,3-DS ✅,0,0,0,0,0,0,0.9646547883841083,False
artifacts/experiments/exp_e_adversarial,3-DS ✅,0,0,0,0,0,0,0.7297548346795477,False
artifacts/experiments/exp_f1_light_balance,3-DS ✅,0,0,0,0,0,0,0.9833704908034858,False
artifacts/experiments/exp_f2_strict_reg,3-DS ✅,0,0,0,0,0,0,0.9789660358956923,False
artifacts/experiments/exp_f4_diverse_bagging,3-DS ✅,0,0,0,0,0,0,0.9793284699989482,False
artifacts/experiments/exp_f5_weighted_usb,3-DS ✅,0,0,0,0,0,0,0.9697297964096586,False
artifacts/experiments/exp_f6_ratio_1_5,3-DS ✅,0,0,0,0,0,0,0.9802833274522563,False
artifacts/experiments/exp_f6_ratio_2_0,3-DS ✅,0,0,0,0,0,0,0.9782524259040588,False
artifacts/experiments/exp_f6_ratio_3_0,3-DS ✅,0,0,0,0,0,0,0.9782524259040588,False
artifacts/experiments/exp_f7_cat-heavy,3-DS ✅,0,0,0,0,0,0,0.9815678897698532,False
artifacts/experiments/exp_f7_lgbm-heavy,3-DS ✅,0,0,0,0,0,0,0.9771943949529743,False
artifacts/experiments/exp_f7_xgb-heavy,3-DS ✅,0,0,0,0,0,0,0.9767103721290347,False
artifacts/experiments/exp_f9_reduced,3-DS ✅,0,0,0,0,0,0,0.9708046342672397,False
artifacts/experiments/feature_leakage_reduction/exp_3f-core,3-DS ✅,0,0,0,0,0,0,0.9237399886324196,False
artifacts/experiments/feature_leakage_reduction/exp_3f-core-v2,3-DS ✅,0,0,0,0,0,0,0.9386108038333258,False
artifacts/experiments/feature_leakage_reduction/exp_4f-drop-p25,3-DS ✅,0,0,0,0,0,0,0.9591957259956363,False
artifacts/experiments/feature_leakage_reduction/exp_4f-drop-p75,3-DS ✅,0,0,0,0,0,0,0.9730972088955336,False
artifacts/experiments/feature_leakage_reduction/exp_5f-baseline,3-DS ✅,0,0,0,0,0,0,0.9754796079953912,False
artifacts/leave_two_out/iscx,2-DS (by design),0,0,0,0,0,0,0.27914868815567145,False
artifacts/leave_two_out/usbvpn,2-DS (by design),0,0,0,0,0,0,0.4216099615330918,False
artifacts/leave_two_out/vnat,2-DS (by design),0,0,0,0,0,0,0.5,False
artifacts/lood_firewall_tuned/hold_iscx,2-DS (by design),0,0,0,0,0,0,0.46450015378203435,False
artifacts/lood_firewall_tuned/hold_usbvpn,2-DS (by design),0,0,0,0,0,0,0.36548402073456343,False
artifacts/lood_firewall_tuned/hold_vnat,2-DS (by design),0,0,0,0,0,0,0.47643170534580304,False
artifacts/thesis_finalization/lodo_test_iscx,2-DS (by design),0,0,0,0,0,0,0.6493274138906799,False
artifacts/thesis_finalization/lodo_test_usbvpn,2-DS (by design),0,0,0,0,0,0,0.5076890245605207,False
artifacts/thesis_finalization/lodo_test_vnat,2-DS (by design),0,0,0,0,0,0,0.8330745592496116,False
