model_id,split,dataset,label,n,min,p25,median,p75,max,mean
robust9_firewall,val,_all_,_all_,120,0.0028248587570621,0.0112589559877175,0.017975157006204497,0.06884199134199143,1.0,0.18293150061580973
robust9_firewall,val,iscx,_all_,21,0.0028248587570621,0.0380952380952381,0.0434782608695652,0.2176870748299319,1.0,0.24973469311976185
robust9_firewall,val,iscx,0,16,0.0028248587570621,0.0380952380952381,0.04006211180124222,0.07354978354978366,0.2176870748299319,0.07218739802982224
robust9_firewall,val,iscx,1,5,0.1393939393939394,0.9649122807017544,0.9917355371900828,0.9933884297520662,1.0,0.8178860374075686
robust9_firewall,val,usbvpn,_all_,75,0.0028248587570621,0.0028248587570621,0.0112589559877175,0.0112589559877175,1.0,0.0474507786678744
robust9_firewall,val,usbvpn,0,72,0.0028248587570621,0.0028248587570621,0.0112589559877175,0.0112589559877175,0.1393939393939394,0.013403588890146943
robust9_firewall,val,usbvpn,1,3,0.59375,0.796875,1.0,1.0,1.0,0.8645833333333334
robust9_firewall,val,vnat,_all_,24,0.0380952380952381,0.0380952380952381,0.683122398156408,0.9649122807017544,0.9649122807017544,0.5478559632621495
robust9_firewall,val,vnat,0,12,0.0380952380952381,0.0380952380952381,0.0380952380952381,0.1943413729128015,0.8717948717948718,0.20915308149505937
robust9_firewall,val,vnat,1,12,0.3958333333333333,0.9649122807017544,0.9649122807017544,0.9649122807017544,0.9649122807017544,0.8865588450292399
robust9_firewall,test,_all_,_all_,124,0.0,0.005776792787791533,0.0112589559877175,0.1393939393939394,1.0,0.19153873773320992
robust9_firewall,test,iscx,_all_,21,0.0,0.0380952380952381,0.07023411371237459,0.1393939393939394,1.0,0.20569296695487502
robust9_firewall,test,iscx,0,17,0.0,0.0380952380952381,0.0380952380952381,0.1194398074136688,0.17071119356833658,0.06736573019591799
robust9_firewall,test,iscx,1,4,0.2176870748299319,0.7781059792337988,0.9783239089459186,0.9938016528925621,1.0,0.7935837231804422
robust9_firewall,test,usbvpn,_all_,77,0.0028248587570621,0.0028248587570621,0.0112589559877175,0.0112589559877175,1.0,0.07700381965666232
robust9_firewall,test,usbvpn,0,72,0.0028248587570621,0.0028248587570621,0.0112589559877175,0.0112589559877175,0.1393939393939394,0.01339419212307285
robust9_firewall,test,usbvpn,1,5,0.9649122807017544,1.0,1.0,1.0,1.0,0.9929824561403509
robust9_firewall,test,vnat,_all_,26,0.0380952380952381,0.06341991341991356,0.4653061224489796,0.9649122807017544,0.9917355371900828,0.5193060407424099
robust9_firewall,test,vnat,0,13,0.0380952380952381,0.0380952380952381,0.058354978354978465,0.1472789115646258,0.35918367346938784,0.10908572994575476
robust9_firewall,test,vnat,1,13,0.5714285714285714,0.9649122807017544,0.9649122807017544,0.9649122807017544,0.9917355371900828,0.9295263515390654
balanced_bagging_3ds_reference,val,_all_,_all_,102,0.1335120541153864,0.24061439172875632,0.308321592008411,0.5672008904541761,0.9632474633748513,0.4197256098928882
balanced_bagging_3ds_reference,val,iscx,_all_,17,0.568688652634449,0.8070741846381568,0.83283177029325,0.8498139373774891,0.8776583661351074,0.8020834631584122
balanced_bagging_3ds_reference,val,iscx,0,16,0.568688652634449,0.805111253403826,0.8281303724642468,0.8504722498912681,0.8776583661351074,0.7996945893428167
balanced_bagging_3ds_reference,val,iscx,1,1,0.8403054442079405,0.8403054442079405,0.8403054442079405,0.8403054442079405,0.8403054442079405,0.8403054442079405
balanced_bagging_3ds_reference,val,usbvpn,_all_,73,0.1335120541153864,0.21684122185357196,0.2718229077552108,0.3196742391174983,0.9632474633748513,0.3007201203473081
balanced_bagging_3ds_reference,val,usbvpn,0,72,0.1335120541153864,0.2161646306525038,0.2702002549317296,0.31399814289365363,0.9017438818195915,0.29151835169414775
balanced_bagging_3ds_reference,val,usbvpn,1,1,0.9632474633748513,0.9632474633748513,0.9632474633748513,0.9632474633748513,0.9632474633748513,0.9632474633748513
balanced_bagging_3ds_reference,val,vnat,_all_,12,0.4047522466882681,0.5311164416442316,0.5766423414990174,0.7080135439640829,0.7766198261236715,0.6020020458356748
balanced_bagging_3ds_reference,val,vnat,0,12,0.4047522466882681,0.5311164416442316,0.5766423414990174,0.7080135439640829,0.7766198261236715,0.6020020458356748
balanced_bagging_3ds_reference,test,_all_,_all_,106,0.16102038242120092,0.26488752709664687,0.41521908994999557,0.7105401487066735,0.9651617140063053,0.4763616578183204
balanced_bagging_3ds_reference,test,iscx,_all_,19,0.7797273866834213,0.830359418933694,0.8521233571112197,0.8618253568978822,0.8781676040545535,0.8425059936770627
balanced_bagging_3ds_reference,test,iscx,0,17,0.7797273866834213,0.827814551032627,0.8450121049098137,0.8609069158520148,0.8781676040545535,0.8397506379476221
balanced_bagging_3ds_reference,test,iscx,1,2,0.8622196411776808,0.8640730792774944,0.8659265173773082,0.867779955477122,0.8696333935769356,0.8659265173773082
balanced_bagging_3ds_reference,test,usbvpn,_all_,74,0.16102038242120092,0.23695779970919087,0.2994252233313166,0.43201802868155414,0.9651617140063053,0.3587657771763833
balanced_bagging_3ds_reference,test,usbvpn,0,72,0.16102038242120092,0.2367183279509692,0.2940897068740259,0.42505459528114986,0.8407482680795074,0.3423869398825852
balanced_bagging_3ds_reference,test,usbvpn,1,2,0.9316461254999244,0.9400250226265197,0.9484039197531149,0.9567828168797101,0.9651617140063053,0.9484039197531149
balanced_bagging_3ds_reference,test,vnat,_all_,13,0.3632128047469801,0.4995891561420468,0.6893893548879619,0.7123051867775458,0.8105060879859127,0.6106195644481086
balanced_bagging_3ds_reference,test,vnat,0,12,0.3632128047469801,0.4789812442906448,0.6648336251082504,0.7070100725649289,0.8105060879859127,0.6014752344760296
balanced_bagging_3ds_reference,test,vnat,1,1,0.720351524113056,0.720351524113056,0.720351524113056,0.720351524113056,0.720351524113056,0.720351524113056
clean_pooled_benchmark,val,_all_,_all_,16,0.0012222860860241712,0.011352760242327571,0.09296727828393118,0.9889904178588724,0.9997314113801705,0.4467153912929891
clean_pooled_benchmark,val,iscx,_all_,7,0.004972621685822395,0.04807619054153024,0.1027849027653227,0.961698136504967,0.9879124851552895,0.44503123767134706
clean_pooled_benchmark,val,iscx,0,4,0.004972621685822395,0.010995200881846218,0.04807619054153024,0.08805846604323542,0.1027849027653227,0.05097747638355139
clean_pooled_benchmark,val,iscx,1,3,0.9508673713594167,0.961698136504967,0.9725289016505174,0.9802206934029034,0.9879124851552895,0.9704362527217412
clean_pooled_benchmark,val,usbvpn,_all_,3,0.9922242159696214,0.9955611620527994,0.9988981081359775,0.999314759758074,0.9997314113801705,0.9969512451619232
clean_pooled_benchmark,val,usbvpn,1,3,0.9922242159696214,0.9955611620527994,0.9988981081359775,0.999314759758074,0.9997314113801705,0.9969512451619232
clean_pooled_benchmark,val,vnat,_all_,6,0.0012222860860241712,0.00431877364213853,0.010718423747966757,0.016111860635359885,0.9986194980493167,0.17356231025043797
clean_pooled_benchmark,val,vnat,0,5,0.0012222860860241712,0.0026084479364363307,0.00944975075924513,0.011987096736688385,0.017486781934917053,0.008550872690662214
clean_pooled_benchmark,val,vnat,1,1,0.9986194980493167,0.9986194980493167,0.9986194980493167,0.9986194980493167,0.9986194980493167,0.9986194980493167
clean_pooled_benchmark,test,_all_,_all_,91,0.001167194156480296,0.16948264447769323,0.9691152454451615,0.9795784630044643,0.9996485734339765,0.6998455366528032
clean_pooled_benchmark,test,iscx,_all_,10,0.035348370395644424,0.0665829854199878,0.10118353070360539,0.9892886197817086,0.993360662208887,0.438954918598102
clean_pooled_benchmark,test,iscx,0,6,0.035348370395644424,0.05123128962749857,0.07096570068522745,0.0930881816757147,0.10482652957816009,0.07120363265973202
clean_pooled_benchmark,test,iscx,1,4,0.9891229658212498,0.9892886197817086,0.9899218809962455,0.9912151087201939,0.993360662208887,0.9905818475056569
clean_pooled_benchmark,test,usbvpn,_all_,8,0.1625735833474736,0.7755935998444365,0.9904906179033994,0.9986921590541774,0.9996485734339765,0.8363697921362347
clean_pooled_benchmark,test,usbvpn,1,8,0.1625735833474736,0.7755935998444365,0.9904906179033994,0.9986921590541774,0.9996485734339765,0.8363697921362347
clean_pooled_benchmark,test,vnat,_all_,73,0.001167194156480296,0.5723363569587262,0.9691152454451615,0.9792584202237496,0.9865338631137442,0.7206224152374546
clean_pooled_benchmark,test,vnat,0,18,0.001167194156480296,0.007584889873420635,0.009487976201925225,0.016329922123100825,0.2040195137770282,0.031831330036276514
clean_pooled_benchmark,test,vnat,1,55,0.5723363569587262,0.9492583026091632,0.9784172635168328,0.9795784630044643,0.9865338631137442,0.9460449522123858
single_model_fallback,val,_all_,_all_,16,0.0004159288480877877,0.0062284099287353446,0.057394724864570895,0.9959743678569793,0.9998619318008423,0.44356620878952524
single_model_fallback,val,iscx,_all_,7,0.0015205694537144155,0.022999278316274286,0.07644120336335619,0.9769853711128236,0.9954192638397217,0.43905004793071256
single_model_fallback,val,iscx,0,4,0.0015205694537144155,0.006117875063500833,0.022999278316274286,0.04787148561517825,0.07644120336335619,0.030990082362404792
single_model_fallback,val,iscx,1,3,0.9681926846504212,0.9769853711128236,0.9857780575752259,0.9905986607074737,0.9954192638397217,0.9831300020217896
single_model_fallback,val,usbvpn,_all_,3,0.9976396799087525,0.9986395001411439,0.9996393203735352,0.9997506260871887,0.9998619318008423,0.9990469773610434
single_model_fallback,val,usbvpn,1,3,0.9976396799087525,0.9986395001411439,0.9996393203735352,0.9997506260871887,0.9998619318008423,0.9990469773610434
single_model_fallback,val,vnat,_all_,6,0.0004159288480877877,0.003203935432247818,0.005693694460205734,0.01126396181061864,0.9992700219154358,0.17109467883904775
single_model_fallback,val,vnat,0,5,0.0004159288480877877,0.0027304927352815866,0.004624263523146511,0.006763125397264956,0.012764240615069866,0.0054596102237701415
single_model_fallback,val,vnat,1,1,0.9992700219154358,0.9992700219154358,0.9992700219154358,0.9992700219154358,0.9992700219154358,0.9992700219154358
single_model_fallback,test,_all_,_all_,91,0.000410901615396142,0.10383425280451777,0.9846943020820618,0.9876536726951599,0.9998417615890502,0.7042123441191986
single_model_fallback,test,iscx,_all_,10,0.017571106847026386,0.03499221224337816,0.052101062983274465,0.99457046687603,0.9971044659614563,0.4194639526229002
single_model_fallback,test,iscx,0,6,0.017571106847026386,0.02471040328964591,0.035084623470902444,0.04650358278304338,0.05395383089780808,0.03554273618938169
single_model_fallback,test,iscx,1,4,0.9929143905639648,0.99457046687603,0.9956821262836456,0.9964574366807937,0.9971044659614563,0.9953457772731781
single_model_fallback,test,usbvpn,_all_,8,0.29552868008613586,0.8329305410385132,0.9975663781166078,0.9995298206806182,0.9998417615890502,0.8687125720083714
single_model_fallback,test,usbvpn,1,8,0.29552868008613586,0.8329305410385132,0.9975663781166078,0.9995298206806182,0.9998417615890502,0.8687125720083714
single_model_fallback,test,vnat,_all_,73,0.000410901615396142,0.42093735933303833,0.9846943020820618,0.9868952631950378,0.9964684247970581,0.7251915508568645
single_model_fallback,test,vnat,0,18,0.000410901615396142,0.004428313940297813,0.005150257050991059,0.006988348439335823,0.13548137247562408,0.016423490899614993
single_model_fallback,test,vnat,1,55,0.42093735933303833,0.9762372076511383,0.9858119487762451,0.9876536726951599,0.9964684247970581,0.9571520068428733
lodo_hold_iscx,val,_all_,_all_,85,0.0,0.0,0.0,0.0,1.0,0.020016392409053646
lodo_hold_iscx,val,usbvpn,_all_,73,0.0,0.0,0.0,0.0,1.0,0.013786724221468528
lodo_hold_iscx,val,usbvpn,0,72,0.0,0.0,0.0,0.0,0.0032154340836012,8.931761343336666e-05
lodo_hold_iscx,val,usbvpn,1,1,1.0,1.0,1.0,1.0,1.0,1.0
lodo_hold_iscx,val,vnat,_all_,12,0.0,0.00305466237942114,0.0032154340836012,0.0032154340836012,0.6666666666666666,0.05791354055019646
lodo_hold_iscx,val,vnat,0,12,0.0,0.00305466237942114,0.0032154340836012,0.0032154340836012,0.6666666666666666,0.05791354055019646
lodo_hold_iscx,test,_all_,_all_,140,0.0,0.0032154340836012,0.0032154340836012,0.0032154340836012,0.6249798751360436,0.007220228322629912
lodo_hold_iscx,test,iscx,_all_,140,0.0,0.0032154340836012,0.0032154340836012,0.0032154340836012,0.6249798751360436,0.007220228322629912
lodo_hold_iscx,test,iscx,0,109,0.0,0.0032154340836012,0.0032154340836012,0.0032154340836012,0.6249798751360436,0.008394605775017177
lodo_hold_iscx,test,iscx,1,31,0.0,0.0032154340836012,0.0032154340836012,0.0032154340836012,0.0032154340836012,0.0030909656674617983
lodo_hold_usbvpn,val,_all_,_all_,29,0.0348294569764981,0.034987518001307415,0.035126748181837544,0.03520115408422555,0.035325028413157336,0.0351097338880899
lodo_hold_usbvpn,val,iscx,_all_,17,0.0348294569764981,0.0349544435867709,0.03507383003366356,0.03514833443161519,0.0352986852322075,0.035061334373967204
lodo_hold_usbvpn,val,iscx,0,16,0.0348294569764981,0.034953233628614216,0.03503266119586742,0.035137624551466885,0.0352986852322075,0.0350558968703642
lodo_hold_usbvpn,val,iscx,1,1,0.03514833443161519,0.03514833443161519,0.03514833443161519,0.03514833443161519,0.03514833443161519,0.03514833443161519
lodo_hold_usbvpn,val,vnat,_all_,12,0.0349804049905834,0.035113151008726876,0.0351885876886303,0.03525159984256399,0.035325028413157336,0.03517829986643039
lodo_hold_usbvpn,val,vnat,0,12,0.0349804049905834,0.035113151008726876,0.0351885876886303,0.03525159984256399,0.035325028413157336,0.03517829986643039
lodo_hold_usbvpn,test,_all_,_all_,504,0.03486046527903645,0.0349666932067741,0.03503726933205058,0.03507936248768194,0.035363843159652644,0.035034338716435444
lodo_hold_usbvpn,test,usbvpn,_all_,504,0.03486046527903645,0.0349666932067741,0.03503726933205058,0.03507936248768194,0.035363843159652644,0.035034338716435444
lodo_hold_usbvpn,test,usbvpn,0,481,0.03486046527903645,0.0349666932067741,0.03503664506408398,0.03507383003366356,0.03522421560742406,0.035029438614584615
lodo_hold_usbvpn,test,usbvpn,1,23,0.03497467032927875,0.035058093275840835,0.0351667108231069,0.035211606104908935,0.035363843159652644,0.03513681475948973
lodo_hold_vnat,val,_all_,_all_,90,2.5361231179956858e-05,2.754286051426972e-05,2.815107938415197e-05,3.416344240726733e-05,0.5257381700787314,0.03820855745877049
lodo_hold_vnat,val,iscx,_all_,17,5.983518768420305e-05,0.030317921563223323,0.16651556852689797,0.2832686612832728,0.4503741486471533,0.17109433468892074
lodo_hold_vnat,val,iscx,0,16,5.983518768420305e-05,0.02703133724912469,0.15618228109584492,0.25320238776116916,0.4503741486471533,0.1610692927754644
lodo_hold_vnat,val,iscx,1,1,0.3314950053042224,0.3314950053042224,0.3314950053042224,0.3314950053042224,0.3314950053042224,0.3314950053042224
lodo_hold_vnat,val,usbvpn,_all_,73,2.5361231179956858e-05,2.7389801422819046e-05,2.7845247991535105e-05,2.8679329970642052e-05,0.5257381700787314,0.007262554542160162
lodo_hold_vnat,val,usbvpn,0,72,2.5361231179956858e-05,2.738456839676456e-05,2.781148086755526e-05,2.8670087330052235e-05,0.0023860984504091,6.150432637445147e-05
lodo_hold_vnat,val,usbvpn,1,1,0.5257381700787314,0.5257381700787314,0.5257381700787314,0.5257381700787314,0.5257381700787314,0.5257381700787314
lodo_hold_vnat,test,_all_,_all_,88,0.0007808288159723,0.08992194850100538,0.1542431508791327,0.23962379249110582,0.3995158435624034,0.16371079416532688
lodo_hold_vnat,test,vnat,_all_,88,0.0007808288159723,0.08992194850100538,0.1542431508791327,0.23962379249110582,0.3995158435624034,0.16371079416532688
lodo_hold_vnat,test,vnat,0,83,0.0007808288159723,0.09425738896485035,0.1713802721781497,0.24517417831225785,0.3995158435624034,0.1698395058578598
lodo_hold_vnat,test,vnat,1,5,0.01104141447693844,0.014299742137865761,0.0536014486576412,0.0734742651905779,0.1574540298833796,0.061974180069280585
balanced_bagging_xgb_baseline,val,_all_,_all_,120,0.015839110649999998,0.035346831387500006,0.0874303058,0.6034878998750001,0.990406294,0.30378417294431537
balanced_bagging_xgb_baseline,val,iscx,_all_,21,0.2106566321,0.5953026940000001,0.7847373425000002,0.849506253,0.9259430435,0.7253333799809524
balanced_bagging_xgb_baseline,val,iscx,0,16,0.2106566321,0.5937617273750001,0.71055503675,0.80895083975,0.9212939265000002,0.695167537225
balanced_bagging_xgb_baseline,val,iscx,1,5,0.5771418675000001,0.833008435,0.849506253,0.9237207850000001,0.9259430435,0.8218640768000001
balanced_bagging_xgb_baseline,val,usbvpn,_all_,75,0.015839110649999998,0.0288328595125,0.04187637925,0.0752004762,0.990406294,0.09296663640333333
balanced_bagging_xgb_baseline,val,usbvpn,0,72,0.015839110649999998,0.0280738623875,0.038420599250000007,0.06752737222499999,0.4383412360000001,0.06639928283541667
balanced_bagging_xgb_baseline,val,usbvpn,1,3,0.3660300221,0.6006715360500001,0.8353130500000001,0.9128596720000001,0.990406294,0.7305831220333333
balanced_bagging_xgb_baseline,val,vnat,_all_,24,0.025923572699999998,0.19525628201527784,0.9443579,0.9443579,0.9443579,0.5937334184778268
balanced_bagging_xgb_baseline,val,vnat,0,12,0.025923572699999998,0.12618121356875,0.1888092593805556,0.253444078109375,0.9443579,0.24310893695565353
balanced_bagging_xgb_baseline,val,vnat,1,12,0.9443579,0.9443579,0.9443579,0.9443579,0.9443579,0.9443579
balanced_bagging_xgb_baseline,test,_all_,_all_,124,0.01444827115,0.0372470004,0.101199732725,0.502901628125,0.9814124000000001,0.2856833224027304
balanced_bagging_xgb_baseline,test,iscx,_all_,21,0.134381566,0.47633636200000007,0.655014545,0.7656759009999999,0.9050486400000001,0.629875273904762
balanced_bagging_xgb_baseline,test,iscx,0,17,0.134381566,0.414553342,0.6121031969999999,0.7622977750000001,0.9015717005,0.5907746736764706
balanced_bagging_xgb_baseline,test,iscx,1,4,0.7479135635,0.7611582871250001,0.765624548,0.80051908575,0.9050486400000001,0.796052824875
balanced_bagging_xgb_baseline,test,usbvpn,_all_,77,0.01444827115,0.026309949,0.050397299799999996,0.0999575775,0.9814124000000001,0.10047538487922078
balanced_bagging_xgb_baseline,test,usbvpn,0,72,0.01444827115,0.024864793487500002,0.03944237355000001,0.09013437431250002,0.5880295995,0.06586373110694445
balanced_bagging_xgb_baseline,test,usbvpn,1,5,0.19654799150000002,0.2208545335,0.6321407459999999,0.963460325,0.9814124000000001,0.5988831992
balanced_bagging_xgb_baseline,test,vnat,_all_,26,0.060992760384615395,0.18592189755000002,0.61769410215,0.9443579,0.9443579,0.5561825611630218
balanced_bagging_xgb_baseline,test,vnat,0,13,0.060992760384615395,0.08009734076923078,0.17903651015000002,0.2329806032,0.2910303043,0.16800722232604373
balanced_bagging_xgb_baseline,test,vnat,1,13,0.9443579,0.9443579,0.9443579,0.9443579,0.9443579,0.9443579
balanced_bagging_baseline,val,_all_,_all_,102,0.003645638546965441,0.006719984978795097,0.008930563905196795,0.16967534381398944,0.9903759692818214,0.1509186041614602
balanced_bagging_baseline,val,iscx,_all_,17,0.029420899729643,0.5593956050144374,0.6116941072530366,0.7275547795325,0.9233466439946242,0.5996077564578375
balanced_bagging_baseline,val,iscx,0,16,0.029420899729643,0.5485162276159098,0.6065050891057489,0.693622614940719,0.9233466439946242,0.5876077287862327
balanced_bagging_baseline,val,iscx,1,1,0.7916081992035146,0.7916081992035146,0.7916081992035146,0.7916081992035146,0.7916081992035146,0.7916081992035146
balanced_bagging_baseline,val,usbvpn,_all_,73,0.003645638546965441,0.006036127411014542,0.00761420994257016,0.00914487999793556,0.9903759692818214,0.026557541331178616
balanced_bagging_baseline,val,usbvpn,0,72,0.003645638546965441,0.006001002119550732,0.007568038336131601,0.009113189468388214,0.3808998291179244,0.013171174276308583
balanced_bagging_baseline,val,usbvpn,1,1,0.9903759692818214,0.9903759692818214,0.9903759692818214,0.9903759692818214,0.9903759692818214,0.9903759692818214
balanced_bagging_baseline,val,vnat,_all_,12,0.08597811098826894,0.157378576885278,0.2549599346806226,0.3627741298527031,0.5758899372995562,0.27180543729247186
balanced_bagging_baseline,val,vnat,0,12,0.08597811098826894,0.157378576885278,0.2549599346806226,0.3627741298527031,0.5758899372995562,0.27180543729247186
balanced_bagging_baseline,test,_all_,_all_,106,0.004035122206480022,0.006140299623811165,0.008595882676876783,0.17026438441192124,0.9944915537290171,0.17496446712429897
balanced_bagging_baseline,test,iscx,_all_,19,0.0187437044891472,0.6703618224763563,0.7612277654266963,0.831761351437816,0.8768592608340802,0.7105676082523698
balanced_bagging_baseline,test,iscx,0,17,0.0187437044891472,0.6703145928741316,0.7578246339606466,0.8222287327713603,0.8768592608340802,0.6951175665570046
balanced_bagging_baseline,test,iscx,1,2,0.8337861925256788,0.8378395775943258,0.8418929626629728,0.8459463477316198,0.8499997328002669,0.8418929626629728
balanced_bagging_baseline,test,usbvpn,_all_,74,0.004035122206480022,0.005529576923732795,0.00698561969768545,0.009088259174426013,0.9944915537290171,0.036814778253213803
balanced_bagging_baseline,test,usbvpn,0,72,0.004035122206480022,0.005517689496123945,0.00696995870707772,0.008716577526846965,0.4969632678581581,0.0170173161901075
balanced_bagging_baseline,test,usbvpn,1,2,0.5045552713210644,0.6270393419230526,0.7495234125250407,0.8720074831270289,0.9944915537290171,0.7495234125250407
balanced_bagging_baseline,test,vnat,_all_,13,0.050245563544857465,0.0981557445158894,0.14235283804670973,0.1942215193402368,0.5900420640509354,0.17855041289560328
balanced_bagging_baseline,test,vnat,0,12,0.050245563544857465,0.09692442033293461,0.14057964316098864,0.18806308050047188,0.24400649181120282,0.14425944196599225
balanced_bagging_baseline,test,vnat,1,1,0.5900420640509354,0.5900420640509354,0.5900420640509354,0.5900420640509354,0.5900420640509354,0.5900420640509354
balanced_bagging_tuned_baseline,val,_all_,_all_,120,0.0013015184381778401,0.028313921668455224,0.16935080674052538,0.4266820619343359,0.9952702702702703,0.30180667257623894
balanced_bagging_tuned_baseline,val,iscx,_all_,21,0.3021032504780114,0.3781301862437765,0.6622504892367906,0.7729007007133388,0.978332780633394,0.6127757170819526
balanced_bagging_tuned_baseline,val,iscx,0,16,0.3021032504780114,0.3440093395138404,0.5644563907855122,0.7704007007133389,0.8931101750021204,0.5706142427339527
balanced_bagging_tuned_baseline,val,iscx,1,5,0.3781301862437765,0.6622504892367906,0.7565585348147214,0.9631901840490796,0.978332780633394,0.7476924349955525
balanced_bagging_tuned_baseline,val,usbvpn,_all_,75,0.0013015184381778401,0.018418240398111456,0.125331219803301,0.21218043480246293,0.9952702702702703,0.15558389908183032
balanced_bagging_tuned_baseline,val,usbvpn,0,72,0.0013015184381778401,0.016580005103993805,0.12279357784847132,0.2064778528206765,0.7023495283953252,0.12871733532266486
balanced_bagging_tuned_baseline,val,usbvpn,1,3,0.4193875311486455,0.7029370088175659,0.9864864864864864,0.9908783783783783,0.9952702702702703,0.8003814293018007
balanced_bagging_tuned_baseline,val,vnat,_all_,24,0.0020023360587351387,0.10087131856927697,0.8387096774193549,0.8387096774193549,0.8387096774193549,0.4866549258037664
balanced_bagging_tuned_baseline,val,vnat,0,12,0.0020023360587351387,0.01788659346664334,0.07894905929008261,0.12886453931331757,0.8387096774193549,0.13460017418817796
balanced_bagging_tuned_baseline,val,vnat,1,12,0.8387096774193549,0.8387096774193549,0.8387096774193549,0.8387096774193549,0.8387096774193549,0.8387096774193546
balanced_bagging_tuned_baseline,test,_all_,_all_,124,0.0020023360587351387,0.044216810066201505,0.19750594144411301,0.40423744151849095,1.0,0.29701186294143345
balanced_bagging_tuned_baseline,test,iscx,_all_,21,0.1447111929759046,0.3350617739258713,0.47547884775297117,0.6622504892367906,0.9631901840490796,0.5164464449291776
balanced_bagging_tuned_baseline,test,iscx,0,17,0.1447111929759046,0.305320266354004,0.3999188640973631,0.5513698630136986,0.9631901840490796,0.47268801620189793
balanced_bagging_tuned_baseline,test,iscx,1,4,0.529331184528606,0.6060796787474383,0.7208191030662525,0.8171591913389306,0.8387096774193548,0.7024197670201164
balanced_bagging_tuned_baseline,test,usbvpn,_all_,77,0.00292841648590014,0.021974288630853583,0.12933307000108074,0.23293029973411827,1.0,0.17426758272493556
balanced_bagging_tuned_baseline,test,usbvpn,0,72,0.00292841648590014,0.01912870204555748,0.12565659941284546,0.21145476856266335,0.5395023714335379,0.1303057525652992
balanced_bagging_tuned_baseline,test,usbvpn,1,5,0.1500878953810046,0.9135288167645184,0.9864864864864864,0.9864864864864864,1.0,0.8073179370236991
balanced_bagging_tuned_baseline,test,vnat,_all_,26,0.0020023360587351387,0.1373905186226823,0.5704064639486831,0.8387096774193549,0.8387096774193549,0.48328814582326834
balanced_bagging_tuned_baseline,test,vnat,0,13,0.0020023360587351387,0.03516483516483514,0.13607577582102984,0.1510516252390057,0.3021032504780114,0.12786661422718193
balanced_bagging_tuned_baseline,test,vnat,1,13,0.8387096774193549,0.8387096774193549,0.8387096774193549,0.8387096774193549,0.8387096774193549,0.8387096774193546
robust13_comparison,val,_all_,_all_,120,0.04533131465740982,0.33767274692210014,0.4693038828600289,0.6666816359395215,0.8993904455914485,0.4874706372900254
robust13_comparison,val,iscx,_all_,21,0.15289064348050413,0.4060134948178127,0.4966584140837945,0.5932478604297979,0.8738261162767462,0.5071642672802371
robust13_comparison,val,iscx,0,16,0.15289064348050413,0.39679543141571216,0.4923759614344059,0.562175016345774,0.7658114268589911,0.4595600695273282
robust13_comparison,val,iscx,1,5,0.43156803099882535,0.5932478604297979,0.64340420780078,0.755442284941578,0.8738261162767462,0.6594977000895454
robust13_comparison,val,usbvpn,_all_,75,0.18688875925200615,0.3591229098375133,0.4446595326082106,0.5855811500811077,0.8993904455914485,0.48217371581932544
robust13_comparison,val,usbvpn,0,72,0.18688875925200615,0.35469831898506754,0.4389516698693444,0.5771474714477609,0.8167779928063726,0.4662820873438915
robust13_comparison,val,usbvpn,1,3,0.8431458233721466,0.845663976048888,0.8481821287256293,0.8737862871585389,0.8993904455914485,0.8635727992297415
robust13_comparison,val,vnat,_all_,24,0.04533131465740982,0.05349284931789804,0.8532016053215682,0.8532016053215682,0.8532016053215682,0.4867915906445271
robust13_comparison,val,vnat,0,12,0.04533131465740982,0.05105686599570526,0.053347977529589585,0.05796439418375821,0.8532016053215682,0.12038157596748596
robust13_comparison,val,vnat,1,12,0.8532016053215682,0.8532016053215682,0.8532016053215682,0.8532016053215682,0.8532016053215682,0.853201605321568
robust13_comparison,test,_all_,_all_,124,0.04274199064147946,0.3420324462413779,0.46498041870665574,0.6359581661920218,0.9212791456440234,0.47433603931695856
robust13_comparison,test,iscx,_all_,21,0.0577284823013428,0.3225971586316139,0.5113549297995892,0.5936724845219418,0.7341211943794159,0.43779871766856954
robust13_comparison,test,iscx,0,17,0.0577284823013428,0.1760552267677435,0.5094482186733679,0.5741778493654791,0.7341211943794159,0.4092738216640776
robust13_comparison,test,iscx,1,4,0.3225971586316139,0.5524243748594742,0.6293948806064094,0.6360000314345953,0.6547311829062074,0.55902952568766
robust13_comparison,test,usbvpn,_all_,77,0.17729987574595288,0.36569470859233694,0.4567980745104336,0.6069287241245026,0.9212791456440234,0.48765411153336863
robust13_comparison,test,usbvpn,0,72,0.17729987574595288,0.3646393320630696,0.44574063391871865,0.5570377645718488,0.8145211340032947,0.4654890706664512
robust13_comparison,test,usbvpn,1,5,0.558579419209782,0.80652833324478,0.8451315250760597,0.9026350769102539,0.9212791456440234,0.8068307000169798
robust13_comparison,test,vnat,_all_,26,0.04274199064147946,0.05493206146026944,0.5522498556391866,0.8532016053215682,0.8532016053215682,0.4644049698535967
robust13_comparison,test,vnat,0,13,0.04274199064147946,0.04906564558157157,0.05463835834497517,0.07469364942468888,0.251298105956805,0.07560833438562528
robust13_comparison,test,vnat,1,13,0.8532016053215682,0.8532016053215682,0.8532016053215682,0.8532016053215682,0.8532016053215682,0.853201605321568
