dir,dataset,n,n_vpn,auc_iso,pr_iso
artifacts/balanced_subset/balanced,iscx,1278,231,0.9784356045101031,0.9378649381806823
artifacts/balanced_subset/full,iscx,1278,231,0.9782350727909467,0.9489197444333751
artifacts/balanced_bagging_firewall_tuned_ensemble_2dataset_backup,iscx,1634,238,0.9426949146420747,0.8452924270374279
artifacts/ensemble/diverse_bagging_robust9,iscx,1634,238,0.9174622571091474,0.7945788858396284
artifacts/ensemble/balanced_ensemble_robust9,iscx,1634,238,0.9150047554838554,0.7774516247822594
artifacts/experiments/exp_b_balanced,iscx,1283,231,0.8817506954389084,0.5281607296759727
artifacts/experiments/exp_f1_light_balance,iscx,1283,231,0.8805264760587955,0.5282601371638029
artifacts/experiments/exp_d_iat_expanded,iscx,1278,231,0.8546785910682759,0.455170018549763
artifacts/experiments/exp_f7_lgbm-heavy,iscx,1283,231,0.8543693315556433,0.4771050916668915
artifacts/experiments/exp_c_combined,iscx,1283,231,0.8539907494280117,0.4790482191995691
artifacts/experiments/exp_d1_safe_expanded,iscx,1283,231,0.8539907494280117,0.4790482191995691
artifacts/experiments/exp_d2_full_expanded,iscx,1283,231,0.8539907494280117,0.4790482191995691
artifacts/experiments/exp_d_iat_balanced,iscx,1283,231,0.8539907494280117,0.4790482191995691
artifacts/experiments/exp_f7_cat-heavy,iscx,1283,231,0.8538446661070236,0.47331921596939475
artifacts/experiments/exp_b_balanced_sample,iscx,1278,231,0.8503516540765824,0.42998337544547277
artifacts/experiments/exp_f2_strict_reg,iscx,1283,231,0.8503098612414202,0.46295480191718863
artifacts/experiments/exp_f4_diverse_bagging,iscx,1283,231,0.8493243132026402,0.45892143508407807
artifacts/balanced_bagging_firewall_tuned_ensemble,iscx,1278,231,0.8489768747648403,0.44037511000322893
artifacts/balanced_bagging_firewall_tuned_ensemble_3dataset_DEGRADED,iscx,1278,231,0.8489768747648403,0.44037511000322893
artifacts/balanced_bagging_firewall_tuned_ensemble_3dataset_REFRESH,iscx,1278,231,0.8489768747648403,0.44037511000322893
artifacts/ensemble/diverse_bagging_robust,iscx,1278,231,0.8458221180284218,0.41455859977354365
artifacts/experiments/exp_f5_weighted_usb,iscx,1283,231,0.8431826411864435,0.44203177933791815
artifacts/balanced_bagging_firewall_tuned_ensemble_PRE_3DS_PROMOTION,iscx,1282,231,0.8431714178621885,0.423315670726884
artifacts/experiments/exp_f7_xgb-heavy,iscx,1283,231,0.8425180649515249,0.4334788232349292
artifacts/experiments/baseline_3ds,iscx,1283,231,0.8402548022319885,0.4341372737007255
artifacts/balanced_bagging,iscx,1278,231,0.8384768685628285,0.41291531821941074
artifacts/experiments/exp_f6_ratio_2_0,iscx,1283,231,0.8243975606142907,0.3969834801211557
artifacts/experiments/exp_f6_ratio_3_0,iscx,1283,231,0.8243975606142907,0.3969834801211557
artifacts/experiments/ablation_4f_no_p25,iscx,1278,231,0.8221138937471317,0.4635236361761902
artifacts/experiments/exp_f6_ratio_1_5,iscx,1283,231,0.8194965680707126,0.3845826220280142
artifacts/experiments/feature_leakage_reduction/exp_5f-baseline,iscx,1283,231,0.8192825868681383,0.7210380527276775
artifacts/experiments/feature_leakage_reduction/exp_4f-drop-p75,iscx,1283,231,0.8176118874788079,0.6658893440085989
artifacts/thesis_finalization/lodo_test_vnat,iscx,1283,231,0.813941286850032,0.38959834519786346
artifacts/experiments/exp_f9_reduced,iscx,1283,231,0.8112994420028641,0.48237216241912206
artifacts/experiments/ablation_4f_no_p75,iscx,1278,231,0.8010291205133612,0.3608816500615021
artifacts/experiments/exp_db_iat_balanced,iscx,1278,231,0.7938802680923025,0.3623971461964267
artifacts/ensemble/diverse_bagging_robust13,iscx,1634,238,0.7880423659435122,0.3845127439375643
artifacts/experiments/exp_a_no_direction,iscx,1283,231,0.7842369924118974,0.34778987028835706
artifacts/balanced_bagging_cat,iscx,1634,238,0.7336537766969253,0.31621697371622726
artifacts/experiments/baseline_2ds,iscx,1283,231,0.7288158609451385,0.2884509867869475
artifacts/experiments/feature_leakage_reduction/exp_4f-drop-p25,iscx,1283,231,0.7193245601040278,0.4703032996060636
artifacts/balanced_bagging_tuned,iscx,1634,238,0.6801410392237125,0.283891929388878
artifacts/balanced_bagging_lgbm,iscx,1634,238,0.6650619416821171,0.2535930813208213
artifacts/balanced_bagging_xgb,iscx,1634,238,0.6589580674676748,0.23928572775487217
artifacts/experiments/ablation_3f_core,iscx,1278,231,0.6436117209756178,0.28602234618049066
artifacts/experiments/exp_e_adversarial,iscx,1283,231,0.6382935822099319,0.30541569200279417
artifacts/experiments/feature_leakage_reduction/exp_3f-core-v2,iscx,1283,231,0.6148400079008444,0.39441910698823923
artifacts/ensemble/lood_iscx,iscx,1278,231,0.5317170890236792,0.190822259581549
artifacts/thesis_finalization/lodo_test_usbvpn,iscx,1283,231,0.5294450479811696,0.19371824035323637
artifacts/leave_two_out/usbvpn,iscx,11781,2942,0.5200654406199458,0.25583195996541325
artifacts/leave_two_out/vnat,iscx,11781,2942,0.5,0.24972413207707325
artifacts/experiments/feature_leakage_reduction/exp_3f-core,iscx,1283,231,0.4993271937188287,0.1829696897807713
artifacts/lood_firewall_tuned/hold_iscx,iscx,11781,2942,0.46450015378203435,0.23760855798181407
artifacts/thesis_finalization/lodo_test_iscx,iscx,11801,2943,0.44095322223319305,0.22036010184464697
artifacts/ensemble/diverse_bagging_robust9,usbvpn,7540,1038,0.9990988396041176,0.9939980786510548
artifacts/ensemble/balanced_ensemble_robust9,usbvpn,1507,1000,0.9988668639053255,0.9992389060605379
artifacts/experiments/exp_b_balanced_sample,usbvpn,6810,423,0.9953779119154932,0.9650766631034102
artifacts/experiments/exp_a_no_direction,usbvpn,6843,425,0.9952957674188403,0.9321267494808814
artifacts/experiments/exp_b_balanced,usbvpn,6843,425,0.9951300570087804,0.9686110959605301
artifacts/thesis_finalization/lodo_test_vnat,usbvpn,6843,425,0.995055633970634,0.9153431205391408
artifacts/experiments/exp_f7_cat-heavy,usbvpn,6843,425,0.9949621469030118,0.9251725340915271
artifacts/experiments/exp_f4_diverse_bagging,usbvpn,6843,425,0.9946668377541108,0.8965348587116378
artifacts/experiments/exp_f6_ratio_2_0,usbvpn,6843,425,0.9945911315601342,0.9069338059740839
artifacts/experiments/exp_f6_ratio_3_0,usbvpn,6843,425,0.9945911315601342,0.9069338059740839
artifacts/experiments/ablation_4f_no_p75,usbvpn,6810,423,0.9943406024574889,0.9218533108758328
artifacts/balanced_bagging,usbvpn,6810,423,0.9940783602626642,0.9678510492526113
artifacts/ensemble/diverse_bagging_robust,usbvpn,6810,423,0.9937289507610205,0.9645078079361132
artifacts/experiments/exp_f6_ratio_1_5,usbvpn,6843,425,0.9936819240005131,0.9245048607240566
artifacts/experiments/exp_f2_strict_reg,usbvpn,6843,425,0.9933103587337085,0.919279306610946
artifacts/experiments/feature_leakage_reduction/exp_5f-baseline,usbvpn,6843,425,0.9923043645629022,0.8925239372599519
artifacts/experiments/exp_c_combined,usbvpn,6843,425,0.991924183821238,0.910466179317963
artifacts/experiments/exp_d1_safe_expanded,usbvpn,6843,425,0.991924183821238,0.910466179317963
artifacts/experiments/exp_d2_full_expanded,usbvpn,6843,425,0.991924183821238,0.910466179317963
artifacts/experiments/exp_d_iat_balanced,usbvpn,6843,425,0.991924183821238,0.910466179317963
artifacts/balanced_bagging_firewall_tuned_ensemble,usbvpn,6810,423,0.9916589585598111,0.9466347179384016
artifacts/balanced_bagging_firewall_tuned_ensemble_3dataset_DEGRADED,usbvpn,6810,423,0.9916589585598111,0.9466347179384016
artifacts/balanced_bagging_firewall_tuned_ensemble_3dataset_REFRESH,usbvpn,6810,423,0.9916589585598111,0.9466347179384016
artifacts/experiments/exp_f7_xgb-heavy,usbvpn,6843,425,0.9914963430058843,0.9009130016255193
artifacts/experiments/exp_f7_lgbm-heavy,usbvpn,6843,425,0.9909123237952083,0.9112660189493861
artifacts/experiments/feature_leakage_reduction/exp_4f-drop-p75,usbvpn,6843,425,0.9903253716569208,0.8500930045422251
artifacts/balanced_bagging_firewall_tuned_ensemble_PRE_3DS_PROMOTION,usbvpn,6812,425,0.9896445905746047,0.9440603898746507
artifacts/experiments/exp_d_iat_expanded,usbvpn,6810,423,0.9895989600625681,0.9512222315450048
artifacts/experiments/ablation_4f_no_p25,usbvpn,6810,423,0.9895765667629394,0.842577014689256
artifacts/experiments/exp_f9_reduced,usbvpn,6843,425,0.9894447601415137,0.8875120523799558
artifacts/experiments/exp_f5_weighted_usb,usbvpn,6843,425,0.9892852822026286,0.7970210968663285
artifacts/thesis_finalization/lodo_test_iscx,usbvpn,6843,425,0.9884426154381977,0.9374540711342086
artifacts/experiments/exp_f1_light_balance,usbvpn,6843,425,0.9877588766887249,0.946496584455044
artifacts/experiments/feature_leakage_reduction/exp_4f-drop-p25,usbvpn,6843,425,0.9858988506589922,0.7953312961619214
artifacts/experiments/exp_db_iat_balanced,usbvpn,6810,423,0.9856512619272082,0.9046666513840946
artifacts/balanced_bagging_xgb,usbvpn,9002,1359,0.985228756357686,0.9309347749565926
artifacts/experiments/baseline_3ds,usbvpn,6843,425,0.9826246035965025,0.9348777501518274
artifacts/balanced_bagging_tuned,usbvpn,7540,1038,0.9814176785088804,0.9411255682704585
artifacts/balanced_bagging_lgbm,usbvpn,9002,1359,0.9792225968309698,0.9077486954319465
artifacts/experiments/feature_leakage_reduction/exp_3f-core,usbvpn,6843,425,0.9784307004197753,0.7122429328440879
artifacts/balanced_bagging_cat,usbvpn,9002,1359,0.9770820029235079,0.9268499231413094
artifacts/experiments/ablation_3f_core,usbvpn,6810,423,0.9746287616579332,0.7238127794138548
artifacts/experiments/feature_leakage_reduction/exp_3f-core-v2,usbvpn,6843,425,0.9669044782138471,0.6081750040762104
artifacts/balanced_subset/balanced,usbvpn,6810,423,0.9664955522465292,0.9314678871089038
artifacts/balanced_subset/full,usbvpn,6810,423,0.9655430042036479,0.9350856229206365
artifacts/ensemble/diverse_bagging_robust13,usbvpn,7540,1038,0.9394022974404199,0.7507750187848425
artifacts/experiments/exp_e_adversarial,usbvpn,6843,425,0.810607665939545,0.2405120578341589
artifacts/ensemble/lood_usbvpn,usbvpn,6810,423,0.5518728756439,0.0738254646824843
artifacts/thesis_finalization/lodo_test_usbvpn,usbvpn,52704,8456,0.5017563130455726,0.16237565094965267
artifacts/leave_two_out/vnat,usbvpn,52182,8327,0.5,0.15957609903798245
artifacts/lood_firewall_tuned/hold_usbvpn,usbvpn,52182,8327,0.36548402073456343,0.13412395947283817
artifacts/leave_two_out/iscx,usbvpn,52182,8327,0.29571036066991346,0.13410339147251177
artifacts/balanced_bagging_cat,vnat,210,13,1.0,1.0
artifacts/balanced_bagging_lgbm,vnat,210,13,1.0,1.0
artifacts/balanced_bagging_tuned,vnat,210,13,1.0,1.0
artifacts/balanced_bagging_xgb,vnat,210,13,1.0,1.0
artifacts/balanced_subset/balanced,vnat,407,3,1.0,1.0
artifacts/balanced_subset/full,vnat,407,3,1.0,1.0
artifacts/ensemble/diverse_bagging_robust13,vnat,210,13,1.0,1.0
artifacts/experiments/exp_c_combined,vnat,607,126,1.0,1.0
artifacts/experiments/exp_d1_safe_expanded,vnat,607,126,1.0,1.0
artifacts/experiments/exp_d2_full_expanded,vnat,607,126,1.0,1.0
artifacts/experiments/exp_d_iat_balanced,vnat,607,126,1.0,1.0
artifacts/experiments/exp_d_iat_expanded,vnat,407,3,1.0,1.0
artifacts/experiments/exp_db_iat_balanced,vnat,407,3,1.0,1.0
artifacts/experiments/exp_f2_strict_reg,vnat,607,126,1.0,1.0
artifacts/experiments/exp_f4_diverse_bagging,vnat,607,126,1.0,1.0
artifacts/experiments/exp_f6_ratio_1_5,vnat,607,126,1.0,1.0
artifacts/experiments/exp_f7_cat-heavy,vnat,607,126,1.0,1.0
artifacts/experiments/exp_f7_lgbm-heavy,vnat,607,126,1.0,1.0
artifacts/experiments/exp_f7_xgb-heavy,vnat,607,126,1.0,1.0
artifacts/experiments/feature_leakage_reduction/exp_3f-core-v2,vnat,607,126,1.0,1.0
artifacts/experiments/feature_leakage_reduction/exp_4f-drop-p25,vnat,607,126,1.0,0.9999999999999999
artifacts/experiments/feature_leakage_reduction/exp_5f-baseline,vnat,607,126,0.9999999999999998,0.9999999999999999
artifacts/experiments/exp_f9_reduced,vnat,607,126,0.9999504999505,0.9998154300479882
artifacts/experiments/feature_leakage_reduction/exp_4f-drop-p75,vnat,607,126,0.99994224994225,0.9995822890559732
artifacts/experiments/exp_b_balanced,vnat,607,126,0.9999009999009998,0.9996250468691413
artifacts/experiments/baseline_3ds,vnat,607,126,0.9997689997689998,0.9982905982905983
artifacts/thesis_finalization/lodo_test_iscx,vnat,607,126,0.9997524997524998,0.9991556906450524
artifacts/experiments/exp_f1_light_balance,vnat,607,126,0.9990677490677491,0.9929383827021623
artifacts/experiments/exp_f6_ratio_2_0,vnat,607,126,0.9990677490677491,0.9929383827021623
artifacts/experiments/exp_f6_ratio_3_0,vnat,607,126,0.9990677490677491,0.9929383827021623
artifacts/ensemble/diverse_bagging_robust9,vnat,210,13,0.9990238188207732,0.9779092702169625
artifacts/ensemble/balanced_ensemble_robust9,vnat,210,13,0.9988285825849279,0.9708368554522401
artifacts/experiments/feature_leakage_reduction/exp_3f-core,vnat,607,126,0.9985809985809986,0.9954191967614786
artifacts/experiments/exp_f5_weighted_usb,vnat,607,126,0.9980364980364981,0.9852430555555556
artifacts/balanced_bagging_firewall_tuned_ensemble_2dataset_backup,vnat,210,13,0.9972666926981648,0.9564102564102565
artifacts/experiments/exp_a_no_direction,vnat,607,126,0.9927482427482428,0.9523161218813392
artifacts/experiments/exp_b_balanced_sample,vnat,407,3,0.9925742574257426,0.3333333333333333
artifacts/ensemble/diverse_bagging_robust,vnat,407,3,0.990924092409241,0.3222222222222222
artifacts/balanced_bagging_firewall_tuned_ensemble_PRE_3DS_PROMOTION,vnat,420,16,0.9777227722772277,0.559061004784689
artifacts/experiments/ablation_4f_no_p25,vnat,407,3,0.9731848184818481,0.24074074074074076
artifacts/balanced_bagging,vnat,407,3,0.969059405940594,0.13636363636363635
artifacts/thesis_finalization/lodo_test_usbvpn,vnat,607,126,0.955944955944956,0.7483766233766234
artifacts/balanced_bagging_firewall_tuned_ensemble,vnat,407,3,0.9504950495049505,0.0870748299319728
artifacts/balanced_bagging_firewall_tuned_ensemble_3dataset_DEGRADED,vnat,407,3,0.9504950495049505,0.0870748299319728
artifacts/balanced_bagging_firewall_tuned_ensemble_3dataset_REFRESH,vnat,407,3,0.9504950495049505,0.0870748299319728
artifacts/experiments/baseline_2ds,vnat,607,126,0.9490644490644491,0.72
artifacts/experiments/ablation_4f_no_p75,vnat,407,3,0.898927392739274,0.03671957671957672
artifacts/experiments/ablation_3f_core,vnat,407,3,0.7623762376237624,0.018633540372670808
artifacts/thesis_finalization/lodo_test_vnat,vnat,8107,374,0.5291581464533899,0.05440170252435029
artifacts/leave_two_out/iscx,vnat,2899,12,0.515976792518185,0.004353092588386706
artifacts/leave_two_out/usbvpn,vnat,2899,12,0.5108243851749221,0.004231556208509441
artifacts/lood_firewall_tuned/hold_vnat,vnat,2899,12,0.47643170534580304,0.004090454613012892
artifacts/experiments/exp_e_adversarial,vnat,607,126,0.4518859518859518,0.2826957349103126
artifacts/ensemble/lood_vnat,vnat,407,3,0.37788778877887785,0.006916311264137351
