dir,split,n_rows,vpn_rate,datasets
artifacts/balanced_bagging,test,8495,0.07733961153619777,"iscx,usbvpn,vnat"
artifacts/balanced_bagging,train,49506,0.20904536823819336,"iscx,usbvpn,vnat"
artifacts/balanced_bagging,val,8861,0.031034871910619568,"iscx,usbvpn,vnat"
artifacts/balanced_bagging_cat,test,10846,0.14844182186981375,"iscx,usbvpn,vnat"
artifacts/balanced_bagging_cat,train,57971,0.15757878939469736,"iscx,usbvpn,vnat"
artifacts/balanced_bagging_cat,val,10068,0.13488279698053238,"iscx,usbvpn,vnat"
artifacts/balanced_bagging_firewall_tuned_ensemble,test,8495,0.07733961153619777,"iscx,usbvpn,vnat"
artifacts/balanced_bagging_firewall_tuned_ensemble,train,49506,0.20904536823819336,"iscx,usbvpn,vnat"
artifacts/balanced_bagging_firewall_tuned_ensemble,val,8861,0.031034871910619568,"iscx,usbvpn,vnat"
artifacts/balanced_bagging_firewall_tuned_ensemble_2dataset_backup,test,1844,0.136117136659436,"iscx,vnat"
artifacts/balanced_bagging_firewall_tuned_ensemble_2dataset_backup,train,16138,0.14735407113644813,"iscx,vnat"
artifacts/balanced_bagging_firewall_tuned_ensemble_2dataset_backup,val,1926,0.3572170301142264,"iscx,vnat"
artifacts/balanced_bagging_firewall_tuned_ensemble_3dataset_DEGRADED,test,8495,0.07733961153619777,"iscx,usbvpn,vnat"
artifacts/balanced_bagging_firewall_tuned_ensemble_3dataset_DEGRADED,train,49506,0.20904536823819336,"iscx,usbvpn,vnat"
artifacts/balanced_bagging_firewall_tuned_ensemble_3dataset_DEGRADED,val,8861,0.031034871910619568,"iscx,usbvpn,vnat"
artifacts/balanced_bagging_firewall_tuned_ensemble_3dataset_REFRESH,test,8495,0.07733961153619777,"iscx,usbvpn,vnat"
artifacts/balanced_bagging_firewall_tuned_ensemble_3dataset_REFRESH,train,49506,0.20904536823819336,"iscx,usbvpn,vnat"
artifacts/balanced_bagging_firewall_tuned_ensemble_3dataset_REFRESH,val,8861,0.031034871910619568,"iscx,usbvpn,vnat"
artifacts/balanced_bagging_firewall_tuned_ensemble_PRE_3DS_PROMOTION,test,8514,0.07892882311486962,"iscx,usbvpn,vnat"
artifacts/balanced_bagging_firewall_tuned_ensemble_PRE_3DS_PROMOTION,train,49724,0.20937575416297965,"iscx,usbvpn,vnat"
artifacts/balanced_bagging_firewall_tuned_ensemble_PRE_3DS_PROMOTION,val,8924,0.03227252353204841,"iscx,usbvpn,vnat"
artifacts/balanced_bagging_lgbm,test,10846,0.14844182186981375,"iscx,usbvpn,vnat"
artifacts/balanced_bagging_lgbm,train,57971,0.15757878939469736,"iscx,usbvpn,vnat"
artifacts/balanced_bagging_lgbm,val,10068,0.13488279698053238,"iscx,usbvpn,vnat"
artifacts/balanced_bagging_tuned,test,9384,0.1373614663256607,"iscx,usbvpn,vnat"
artifacts/balanced_bagging_tuned,train,51499,0.15559525427678209,"iscx,usbvpn,vnat"
artifacts/balanced_bagging_tuned,val,8675,0.13579250720461095,"iscx,usbvpn,vnat"
artifacts/balanced_bagging_xgb,test,10846,0.14844182186981375,"iscx,usbvpn,vnat"
artifacts/balanced_bagging_xgb,train,57971,0.15757878939469736,"iscx,usbvpn,vnat"
artifacts/balanced_bagging_xgb,val,10068,0.13488279698053238,"iscx,usbvpn,vnat"
artifacts/balanced_subset/balanced,test,8495,0.07733961153619777,"iscx,usbvpn,vnat"
artifacts/balanced_subset/balanced,train,20698,0.5,"iscx,usbvpn,vnat"
artifacts/balanced_subset/balanced,val,8861,0.031034871910619568,"iscx,usbvpn,vnat"
artifacts/balanced_subset/full,test,8495,0.07733961153619777,"iscx,usbvpn,vnat"
artifacts/balanced_subset/full,train,49506,0.20904536823819336,"iscx,usbvpn,vnat"
artifacts/balanced_subset/full,val,8861,0.031034871910619568,"iscx,usbvpn,vnat"
artifacts/clean_pipeline/models_3ds_66k,test,8495,0.07733961153619777,"iscx,usbvpn,vnat"
artifacts/clean_pipeline/models_3ds_66k,val,8861,0.031034871910619568,"iscx,usbvpn,vnat"
artifacts/ensemble/balanced_ensemble_robust9,test,3351,0.37332139659803043,"iscx,usbvpn,vnat"
artifacts/ensemble/balanced_ensemble_robust9,train,22696,0.30688227000352486,"iscx,usbvpn,vnat"
artifacts/ensemble/balanced_ensemble_robust9,val,3906,0.579621095750128,"iscx,usbvpn,vnat"
artifacts/ensemble/diverse_bagging_robust,test,8495,0.07733961153619777,"iscx,usbvpn,vnat"
artifacts/ensemble/diverse_bagging_robust,train,49506,0.20904536823819336,"iscx,usbvpn,vnat"
artifacts/ensemble/diverse_bagging_robust,val,8861,0.031034871910619568,"iscx,usbvpn,vnat"
artifacts/ensemble/diverse_bagging_robust13,test,9384,0.1373614663256607,"iscx,usbvpn,vnat"
artifacts/ensemble/diverse_bagging_robust13,train,51499,0.15559525427678209,"iscx,usbvpn,vnat"
artifacts/ensemble/diverse_bagging_robust13,val,8675,0.13579250720461095,"iscx,usbvpn,vnat"
artifacts/ensemble/diverse_bagging_robust9,test,9384,0.1373614663256607,"iscx,usbvpn,vnat"
artifacts/ensemble/diverse_bagging_robust9,train,51499,0.15559525427678209,"iscx,usbvpn,vnat"
artifacts/ensemble/diverse_bagging_robust9,val,8675,0.13579250720461095,"iscx,usbvpn,vnat"
artifacts/ensemble/lood_iscx,test,1278,0.1807511737089202,iscx
artifacts/ensemble/lood_iscx,train,41230,0.18724229929662867,"usbvpn,vnat"
artifacts/ensemble/lood_iscx,val,6634,0.029092553512209827,"usbvpn,vnat"
artifacts/ensemble/lood_usbvpn,test,6810,0.06211453744493392,usbvpn
artifacts/ensemble/lood_usbvpn,train,10645,0.2478158759981212,"iscx,vnat"
artifacts/ensemble/lood_usbvpn,val,2350,0.03489361702127659,"iscx,vnat"
artifacts/ensemble/lood_vnat,test,407,0.007371007371007371,vnat
artifacts/ensemble/lood_vnat,train,47137,0.21936058722447335,"iscx,usbvpn"
artifacts/ensemble/lood_vnat,val,8738,0.03147173266193637,"iscx,usbvpn"
artifacts/experiments/ablation_3f_core,test,8495,0.07733961153619777,"iscx,usbvpn,vnat"
artifacts/experiments/ablation_3f_core,train,49506,0.20904536823819336,"iscx,usbvpn,vnat"
artifacts/experiments/ablation_3f_core,val,8861,0.031034871910619568,"iscx,usbvpn,vnat"
artifacts/experiments/ablation_4f_no_p25,test,8495,0.07733961153619777,"iscx,usbvpn,vnat"
artifacts/experiments/ablation_4f_no_p25,train,49506,0.20904536823819336,"iscx,usbvpn,vnat"
artifacts/experiments/ablation_4f_no_p25,val,8861,0.031034871910619568,"iscx,usbvpn,vnat"
artifacts/experiments/ablation_4f_no_p75,test,8495,0.07733961153619777,"iscx,usbvpn,vnat"
artifacts/experiments/ablation_4f_no_p75,train,49506,0.20904536823819336,"iscx,usbvpn,vnat"
artifacts/experiments/ablation_4f_no_p75,val,8861,0.031034871910619568,"iscx,usbvpn,vnat"
artifacts/experiments/baseline_2ds,test,1890,0.18888888888888888,"iscx,vnat"
artifacts/experiments/baseline_2ds,train,15625,0.183424,"iscx,vnat"
artifacts/experiments/baseline_2ds,val,2393,0.03928123694107814,"iscx,vnat"
artifacts/experiments/baseline_3ds,test,8733,0.08954540249627849,"iscx,usbvpn,vnat"
artifacts/experiments/baseline_3ds,train,54857,0.19510727892520555,"iscx,usbvpn,vnat"
artifacts/experiments/baseline_3ds,val,9022,0.031921968521392154,"iscx,usbvpn,vnat"
artifacts/experiments/exp_a_no_direction,test,8733,0.08954540249627849,"iscx,usbvpn,vnat"
artifacts/experiments/exp_a_no_direction,train,54857,0.19510727892520555,"iscx,usbvpn,vnat"
artifacts/experiments/exp_a_no_direction,val,9022,0.031921968521392154,"iscx,usbvpn,vnat"
artifacts/experiments/exp_b_balanced,test,8733,0.08954540249627849,"iscx,usbvpn,vnat"
artifacts/experiments/exp_b_balanced,train,31306,0.34188334504567813,"iscx,usbvpn,vnat"
artifacts/experiments/exp_b_balanced,val,9022,0.031921968521392154,"iscx,usbvpn,vnat"
artifacts/experiments/exp_b_balanced_sample,test,8495,0.07733961153619777,"iscx,usbvpn,vnat"
artifacts/experiments/exp_b_balanced_sample,train,21303,0.4858001220485378,"iscx,usbvpn,vnat"
artifacts/experiments/exp_b_balanced_sample,val,8861,0.031034871910619568,"iscx,usbvpn,vnat"
artifacts/experiments/exp_c_combined,test,8733,0.08954540249627849,"iscx,usbvpn,vnat"
artifacts/experiments/exp_c_combined,train,31306,0.34188334504567813,"iscx,usbvpn,vnat"
artifacts/experiments/exp_c_combined,val,9022,0.031921968521392154,"iscx,usbvpn,vnat"
artifacts/experiments/exp_d1_safe_expanded,test,8733,0.08954540249627849,"iscx,usbvpn,vnat"
artifacts/experiments/exp_d1_safe_expanded,train,31306,0.34188334504567813,"iscx,usbvpn,vnat"
artifacts/experiments/exp_d1_safe_expanded,val,9022,0.031921968521392154,"iscx,usbvpn,vnat"
artifacts/experiments/exp_d2_full_expanded,test,8733,0.08954540249627849,"iscx,usbvpn,vnat"
artifacts/experiments/exp_d2_full_expanded,train,31306,0.34188334504567813,"iscx,usbvpn,vnat"
artifacts/experiments/exp_d2_full_expanded,val,9022,0.031921968521392154,"iscx,usbvpn,vnat"
artifacts/experiments/exp_d_iat_balanced,test,8733,0.08954540249627849,"iscx,usbvpn,vnat"
artifacts/experiments/exp_d_iat_balanced,train,31306,0.34188334504567813,"iscx,usbvpn,vnat"
artifacts/experiments/exp_d_iat_balanced,val,9022,0.031921968521392154,"iscx,usbvpn,vnat"
artifacts/experiments/exp_d_iat_expanded,test,8495,0.07733961153619777,"iscx,usbvpn,vnat"
artifacts/experiments/exp_d_iat_expanded,train,49506,0.20904536823819336,"iscx,usbvpn,vnat"
artifacts/experiments/exp_d_iat_expanded,val,8861,0.031034871910619568,"iscx,usbvpn,vnat"
artifacts/experiments/exp_db_iat_balanced,test,8495,0.07733961153619777,"iscx,usbvpn,vnat"
artifacts/experiments/exp_db_iat_balanced,train,21303,0.4858001220485378,"iscx,usbvpn,vnat"
artifacts/experiments/exp_db_iat_balanced,val,8861,0.031034871910619568,"iscx,usbvpn,vnat"
artifacts/experiments/exp_e_adversarial,test,8733,0.08954540249627849,"iscx,usbvpn,vnat"
artifacts/experiments/exp_e_adversarial,train,31306,0.34188334504567813,"iscx,usbvpn,vnat"
artifacts/experiments/exp_e_adversarial,val,9022,0.031921968521392154,"iscx,usbvpn,vnat"
artifacts/experiments/exp_f1_light_balance,test,8733,0.08954540249627849,"iscx,usbvpn,vnat"
artifacts/experiments/exp_f1_light_balance,train,45058,0.19488215189311553,"iscx,usbvpn,vnat"
artifacts/experiments/exp_f1_light_balance,val,9022,0.031921968521392154,"iscx,usbvpn,vnat"
artifacts/experiments/exp_f2_strict_reg,test,8733,0.08954540249627849,"iscx,usbvpn,vnat"
artifacts/experiments/exp_f2_strict_reg,train,31306,0.34188334504567813,"iscx,usbvpn,vnat"
artifacts/experiments/exp_f2_strict_reg,val,9022,0.031921968521392154,"iscx,usbvpn,vnat"
artifacts/experiments/exp_f4_diverse_bagging,test,8733,0.08954540249627849,"iscx,usbvpn,vnat"
artifacts/experiments/exp_f4_diverse_bagging,train,31306,0.34188334504567813,"iscx,usbvpn,vnat"
artifacts/experiments/exp_f4_diverse_bagging,val,9022,0.031921968521392154,"iscx,usbvpn,vnat"
artifacts/experiments/exp_f5_weighted_usb,test,8733,0.08954540249627849,"iscx,usbvpn,vnat"
artifacts/experiments/exp_f5_weighted_usb,train,35664,0.20266935845670705,"iscx,usbvpn,vnat"
artifacts/experiments/exp_f5_weighted_usb,val,9022,0.031921968521392154,"iscx,usbvpn,vnat"
artifacts/experiments/exp_f6_ratio_1_5,test,8733,0.08954540249627849,"iscx,usbvpn,vnat"
artifacts/experiments/exp_f6_ratio_1_5,train,31306,0.34188334504567813,"iscx,usbvpn,vnat"
artifacts/experiments/exp_f6_ratio_1_5,val,9022,0.031921968521392154,"iscx,usbvpn,vnat"
artifacts/experiments/exp_f6_ratio_2_0,test,8733,0.08954540249627849,"iscx,usbvpn,vnat"
artifacts/experiments/exp_f6_ratio_2_0,train,31306,0.34188334504567813,"iscx,usbvpn,vnat"
artifacts/experiments/exp_f6_ratio_2_0,val,9022,0.031921968521392154,"iscx,usbvpn,vnat"
artifacts/experiments/exp_f6_ratio_3_0,test,8733,0.08954540249627849,"iscx,usbvpn,vnat"
artifacts/experiments/exp_f6_ratio_3_0,train,31306,0.34188334504567813,"iscx,usbvpn,vnat"
artifacts/experiments/exp_f6_ratio_3_0,val,9022,0.031921968521392154,"iscx,usbvpn,vnat"
artifacts/experiments/exp_f7_cat-heavy,test,8733,0.08954540249627849,"iscx,usbvpn,vnat"
artifacts/experiments/exp_f7_cat-heavy,train,31306,0.34188334504567813,"iscx,usbvpn,vnat"
artifacts/experiments/exp_f7_cat-heavy,val,9022,0.031921968521392154,"iscx,usbvpn,vnat"
artifacts/experiments/exp_f7_lgbm-heavy,test,8733,0.08954540249627849,"iscx,usbvpn,vnat"
artifacts/experiments/exp_f7_lgbm-heavy,train,31306,0.34188334504567813,"iscx,usbvpn,vnat"
artifacts/experiments/exp_f7_lgbm-heavy,val,9022,0.031921968521392154,"iscx,usbvpn,vnat"
artifacts/experiments/exp_f7_xgb-heavy,test,8733,0.08954540249627849,"iscx,usbvpn,vnat"
artifacts/experiments/exp_f7_xgb-heavy,train,31306,0.34188334504567813,"iscx,usbvpn,vnat"
artifacts/experiments/exp_f7_xgb-heavy,val,9022,0.031921968521392154,"iscx,usbvpn,vnat"
artifacts/experiments/exp_f9_reduced,test,8733,0.08954540249627849,"iscx,usbvpn,vnat"
artifacts/experiments/exp_f9_reduced,train,31306,0.34188334504567813,"iscx,usbvpn,vnat"
artifacts/experiments/exp_f9_reduced,val,9022,0.031921968521392154,"iscx,usbvpn,vnat"
artifacts/experiments/feature_leakage_reduction/exp_3f-core,test,8733,0.08954540249627849,"iscx,usbvpn,vnat"
artifacts/experiments/feature_leakage_reduction/exp_3f-core,train,40583,0.2637311189414287,"iscx,usbvpn,vnat"
artifacts/experiments/feature_leakage_reduction/exp_3f-core,val,9022,0.031921968521392154,"iscx,usbvpn,vnat"
artifacts/experiments/feature_leakage_reduction/exp_3f-core-v2,test,8733,0.08954540249627849,"iscx,usbvpn,vnat"
artifacts/experiments/feature_leakage_reduction/exp_3f-core-v2,train,40583,0.2637311189414287,"iscx,usbvpn,vnat"
artifacts/experiments/feature_leakage_reduction/exp_3f-core-v2,val,9022,0.031921968521392154,"iscx,usbvpn,vnat"
artifacts/experiments/feature_leakage_reduction/exp_4f-drop-p25,test,8733,0.08954540249627849,"iscx,usbvpn,vnat"
artifacts/experiments/feature_leakage_reduction/exp_4f-drop-p25,train,40583,0.2637311189414287,"iscx,usbvpn,vnat"
artifacts/experiments/feature_leakage_reduction/exp_4f-drop-p25,val,9022,0.031921968521392154,"iscx,usbvpn,vnat"
artifacts/experiments/feature_leakage_reduction/exp_4f-drop-p75,test,8733,0.08954540249627849,"iscx,usbvpn,vnat"
artifacts/experiments/feature_leakage_reduction/exp_4f-drop-p75,train,40583,0.2637311189414287,"iscx,usbvpn,vnat"
artifacts/experiments/feature_leakage_reduction/exp_4f-drop-p75,val,9022,0.031921968521392154,"iscx,usbvpn,vnat"
artifacts/experiments/feature_leakage_reduction/exp_5f-baseline,test,8733,0.08954540249627849,"iscx,usbvpn,vnat"
artifacts/experiments/feature_leakage_reduction/exp_5f-baseline,train,40583,0.2637311189414287,"iscx,usbvpn,vnat"
artifacts/experiments/feature_leakage_reduction/exp_5f-baseline,val,9022,0.031921968521392154,"iscx,usbvpn,vnat"
artifacts/leave_two_out/iscx,test,55081,0.1513952179517438,"usbvpn,vnat"
artifacts/leave_two_out/iscx,train,9561,0.23669072272774813,iscx
artifacts/leave_two_out/iscx,val,2220,0.30585585585585584,iscx
artifacts/leave_two_out/usbvpn,test,14680,0.20122615803814714,"iscx,vnat"
artifacts/leave_two_out/usbvpn,train,41245,0.14428415565523095,usbvpn
artifacts/leave_two_out/usbvpn,val,10937,0.21724421687848589,usbvpn
artifacts/leave_two_out/vnat,test,63963,0.1761799790503885,"iscx,usbvpn"
artifacts/leave_two_out/vnat,train,2487,0.002010454362685967,vnat
artifacts/leave_two_out/vnat,val,412,0.01699029126213592,vnat
artifacts/lood_firewall_tuned/hold_iscx,test,11781,0.24972413207707325,iscx
artifacts/lood_firewall_tuned/hold_iscx,train,41230,0.18724229929662867,"usbvpn,vnat"
artifacts/lood_firewall_tuned/hold_iscx,val,6634,0.029092553512209827,"usbvpn,vnat"
artifacts/lood_firewall_tuned/hold_usbvpn,test,52182,0.15957609903798245,usbvpn
artifacts/lood_firewall_tuned/hold_usbvpn,train,10645,0.2478158759981212,"iscx,vnat"
artifacts/lood_firewall_tuned/hold_usbvpn,val,2350,0.03489361702127659,"iscx,vnat"
artifacts/lood_firewall_tuned/hold_vnat,test,2899,0.004139358399448086,vnat
artifacts/lood_firewall_tuned/hold_vnat,train,47137,0.21936058722447335,"iscx,usbvpn"
artifacts/lood_firewall_tuned/hold_vnat,val,8738,0.03147173266193637,"iscx,usbvpn"
artifacts/thesis_finalization/lodo_test_iscx,test,19251,0.18149706508752791,"iscx,usbvpn,vnat"
artifacts/thesis_finalization/lodo_test_iscx,train,46566,0.17336683417085427,"usbvpn,vnat"
artifacts/thesis_finalization/lodo_test_iscx,val,6795,0.030316409124356146,"usbvpn,vnat"
artifacts/thesis_finalization/lodo_test_usbvpn,test,54594,0.16142799575044878,"iscx,usbvpn,vnat"
artifacts/thesis_finalization/lodo_test_usbvpn,train,15625,0.183424,"iscx,vnat"
artifacts/thesis_finalization/lodo_test_usbvpn,val,2393,0.03928123694107814,"iscx,vnat"
artifacts/thesis_finalization/lodo_test_vnat,test,16233,0.06345099488695867,"iscx,usbvpn,vnat"
artifacts/thesis_finalization/lodo_test_vnat,train,47523,0.22025124676472446,"iscx,usbvpn"
artifacts/thesis_finalization/lodo_test_vnat,val,8856,0.03116531165311653,"iscx,usbvpn"
